2031,32
2002,13
1874,85
2069,25
2089,1
1788,21
2086,55
1989,71
1894,78
1783,17
1912,96
1756,16
1786,1
1946,46
2097,98
1902,43
1864
1899,21
1788,66
1886,72
1864,73
1736,39
1959,71
1795,86
1800,18
2086,89
1806,92
1889,86
1783,03
2064,31
1886,99
1973,96
1790,9
2011,49
1973,57
1937,71
1944,6
1681,97
1719,84
1922,31
1632,23
1800,86
1989,08
1871,86
1880,24
1923,86
1897,72
1764,93
1834,74
1964,63
1784,99
1945,43
1869,74
1847,19
2121,34
1877,13
1846,2
1841
1720,33
1873,35
1674,83
1726,6
2024,63
1853,16
2037,26
1780,65
1809,24
1648,6
1746,13
1356,84
1628,03
1967,94
1777,29
1760,91
1959,26
1902,71
1971,57
1840,13
1851,41
1892,03
1841,88
1665,46
1535,41
1590,26
1724,72
1929,43
1922,91
2101,65
1905,52
1889,89
1960,39
1794,32
1794,56
1878,96
1804,29
1994,63
1520,88
1583,93
1826,93
1891,25
1935,18
1778,46
1917,08
1751,96
1854,27
1772,56
2048,97
1719,7
1844,03
1893,69
1710,28
1733,26
1833,78
1801,84
1952,49
1931,63
1852,49
1787,64
1764,03
1960,67
1924,16
1699,2
2141,2
1686,82
1933,7
1670,47
2193,13
1865,49
1860,37
1777,61
1750,17
2005,92
1745,76
2020,39
1777,12
1565,15
1989,63
1654,14
1915,68
2043,91
2050,2
2053,83
1929,14
1862,42
1777,13
2018,97
2086,35
1982,73
1941,26
1889,84
1984,15
1820,74
1769,9
1930,82
1968,97
1689,42
1798,09
1925,4
2037,5
2094,9
1975,57
2056,27
1926,17
1860,75
1908,95
1843,46
1850,91
1552,35
1975,77
1889,19
1824,87
1833,88
2080,43
1859,27
2154,96
1778,32
1862,79
1588,26
1618,77
1967,55
2256,2
1913,44
1764,87
1980,78
1929,37
2123,62
1745,34
1595,61
1779,47
1794,67
1896,5
1753,07
1820,55
1793,59
1964,12
1845,85
1838,27
1867,16
2091,16
1901,39
1719,88
1731,45
1786,47
2011,92
1910,62
1809,43
1820,87
2181,08
1802,35
1866,95
2054,84
1869,98
1760,64
1908,94
1867,47
1903,11
1875,83
1927,74
1873,06
1876,15
1735,43
2069,76
1932,91
1737,06
1864,13
1893,66
1841,17
1943,79
1706,47
1835,25
1640,2
1998,33
1863,57
1994,2
1799,24
1797,23
1894,65
1781,95
1878,64
2128,97
1735,23
1908,28
2039,52
1804,56
1940,51
1862,76
1879,27
1836,7
1672,61
1845,54
2017,45
1785,53
1707,84
1983,99
1902,13
2037,07
2092,38
1825,82
2268,52
1894,89
2043,32
1970,8
1892,77
1744,74
1942,28
1810,45
1854,86
1780,37
1868,62
1923,11
1824,39
1896,01
1775,1
1955,87
1980,42
1700,99
1881,79
1876,68
1915,31
1815,82
2020,76
1866,59
1944,28
1699,34
1631,36
1862,15
1728,05
1920,82
1945,09
1679,92
1695,62
1688,8
1924,26
1988,41
1870,72
1866,56
1908,45
1915,53
1673,45
2085,12
1865,5
1836,4
1854,71
1804,83
1885,08
2150,94
1571,94
1924,29
1740,54
1792,92
1811,73
1987,92
1729,53
1681
1817,48
1790,9
2089,16
1830,58
1873,94
2036,73
1891,22
2117,41
2086,23
1823,69
2045,08
1911,74
1902,99
1717,75
1867,67
1641,47
1719,34
1737,5
1873,43
1796,37
2124,35
1781,12
1961,32
1897,17
1815,8
2051,71
1800,24
1768,26
1984,17
2025,55
1815,12
1883,21
1773,35
1837,3
2009,42
1911,21
1942,26
1893,99
1502,01
1873,38
1925,13
1877,36
2089,32
1747,78
1827,17
2024,29
1830,37
1789,44
1789,42
1533,85
2075,69
1888,1
1786,86
1803,56
1825,73
1852,3
1778
1883,91
1876,85
1968,47
1744,58
1587,71
1867,75
1806,1
1788,8
1969,25
1832,68
2126,05
1822,92
1613,96
1637,35
1645,52
1946,34
1983,14
1837,5
2039,51
2036,32
1859,98
1906,78
1652,4
1495,65
1949,1
1696,98
2219,88
1760,62
1907,16
1853,79
1692,97
1969,8
2019,99
1524,45
1821,49
1955,91
2125,37
1909,52
1574,15
1850,4
2000,04
2002,83
1975,71
2234,66
2060,35
1616,59
1922,53
1650,49
1747,81
1763,46
1640,51
1692,26
1808,99
1924,64
1780,85
1974,86
1618,79
1859,07
1812,74
1901,37
1808,47
1833,4
1793,06
2174,78
1826,1
1574,92
1703,35
2007,4
2019,78
1566,35
1896,89
1683,58
1913,19
1794,35
1980,93
1903,12
1730,11
1920,04
1971,93
1862,37
1838,21
2008,28
1971,91
2127,59
1893,75
1865,03
1882,93
1762,08
2072,99
1747,42
1933,99
1947,74
1847,96
1750,45
2061,43
1765,7
2271,81
1738,47
1889,94
1689,57
1946,48
1764,13
1725,4
1787,73
1909,1
2214,87
1846,59
1633,04
1832,93
2133,06
2142,31
1949,55
1953,11
1952,46
1933,05
1785,33
1650,14
1672,17
1592,56
1778,5
1930,44
1586,75
2062,46
1946,66
1758,22
2005,12
1941,89
1779,25
2021,21
1879,66
1943,32
2038,54
1542,28
2199,63
1810,1
1862,56
1974,8
1973,94
1632,87
1836,33
1759,52
1942,48
1886,81
1908,02
2008,27
1965,61
1846,45
1739,15
1639,89
1899,42
1786,07
1828,21
1439,47
1804,84
1726,84
1963,3
1906,85
1726,24
1783,96
1951,58
1943,35
1907,14
1750,25
1914,17
2105,69
1983,95
1914,22
1723,3
1834,83
1778,34
2183,1
1845,01
1713,58
1987,5
1919,98
1766,95
1896,23
1816,03
1737,95
1944,23
1824,11
1936,08
2053,26
1945,34
1944,03
1791,61
1930,28
1977,69
1972,53
2010,02
1794,43
1899,82
1884,57
1941,36
2063,53
2013,4
1879,15
1810,13
2118,94
2057,88
1786,7
1879,8
1926,16
1866,87
1807,2
2020,13
2110,64
1860,92
2092,91
1841,09
1571,55
2022,58
1990,66
1775,75
1666
1846,01
1788,96
2153,46
1992,83
1881,28
1937,26
1753,41
1656,08
1935,94
1822,78
2250,81
2065,13
1915,11
1967,94
1782,1
2059,87
2199,25
1579,03
1694,65
1834,09
1858,08
2062,87
1913,82
1865,13
1709,6
2033,79
1498,6
2103,38
1769,57
1914,37
1992,08
1876,92
1706,99
2051,34
1861,34
1691,52
1692,38
1751,38
1969,27
1588,55
1860,07
2166,44
1727,47
2151,8
1889,81
1925,04
1879,46
1737,87
2067,45
2007,05
1854,42
1943,46
1870,62
2006,26
1762,09
1980,56
1948,82
1977,16
1861,29
1983,46
1827,84
1759,8
1621,8
2086,88
1911,78
1986,32
1971,97
1740,8
1986,61
1660,51
1752,68
2072,22
1762,86
1907,83
1806,82
1762,24
1889,9
1861,07
1833,69
2006,78
2006,86
2092,32
1987,7
1852,47
1673,73
2092,45
1914,37
1889,75
1864,35
1974,79
2047,9
1884,26
1942,63
2007,63
1933,25
1818,89
1763,36
2188,58
1886,94
2025,71
1799,95
1834,74
2149,73
1999,46
1755,34
2147,34
2148,61
1935,86
1767,49
1643,11
1815,92
2075,31
1729,67
2150,34
1855,62
1816,67
1879,82
2038,71
1783,8
2038
1846,59
1951,64
1894,39
1883,05
1771,47
2159,73
1820,98
1924,17
1968,09
1970,79
2187,82
1481,92
1957,91
1978,15
1740,76
1623,89
1943,16
1837,36
2053,41
1745,82
1874,8
1720,96
1816,06
1975,06
1749,27
1788,12
1678,79
1864,08
1753,45
1679,03
1649,66
2041,3
1960,63
1841,52
2068,83
2007,18
1934,39
1659,13
2146,66
1890,9
1849,38
2042,45
1894,81
1972,14
1872,77
1978,14
1928,36
2095,86
1894,44
1832,3
1880,92
2017,79
2041,88
1807,42
1704,06
1916,41
1880,03
1978,97
1853,15
1913,1
2095,55
1824,59
1743,35
1795,61
1759,93
1721,15
1796,08
1811,07
1859,84
1764,17
1839,92
2016,79
2109,71
1724,19
1936,76
1945,22
1767,93
1997,24
1978,92
1922,39
1916,66
1953,36
1865,05
1989,9
1804,95
1947,86
1926,76
1996,64
1968,25
1677,9
1913,79
1892,64
1774,8
1853,64
1764,57
1795,27
1651,44
2102,56
1578,48
1643,51
1879,6
1604,03
2130,32
1835,85
1837,4
1809,43
1959,13
1929,94
1986,95
1982,4
2095,92
2067,56
1785,24
2039,23
1759,3
1930,37
2183,11
2211,5
1728,13
1557,72
1651,89
1961,11
1708,53
1945,61
1854,9
1717,56
1908,57
1780,39
1810,67
2110,68
2019
1891,76
1846,26
1851,6
2047,75
1898,34
2058,86
1923,25
1878,47
1681,61
1858,01
2091,56
1895,94
1817,48
1829,94
2036,84
1979,42
1946,64
1873,91
2135,89
1814,95
1817,04
1471,83
2036,84
1829,94
2065,04
1981,81
1855,33
2020,02
1931,11
1973,01
1854,11
2071,49
2058,31
1946,75
1862,79
1821,35
1963,88
1929,5
1782,18
2029,19
2096,68
2159,23
1936,39
1978,72
1926,15
1954,83
1789,98
1982,55
1882,04
2000,04
1906,52
1893,99
1767,49
1980,84
1848,73
1987,17
1960,75
1885,98
1851,1
1889,43
1833,3
1932,22
1847,77
1970,84
1798,7
1763,64
2001,61
1847
1919,03
1856,3
1876,61
1887,48
2064,51
2104,59
1988,12
1972,49
1981,53
1807,49
1659,88
1909,72
1691,34
1890,4
1812,49
1697,77
1817,44
1922,34
1868,02
1783,92
1972,66
1902,76
1912,68
1972,99
1901,46
1741
1774,91
2000,99
1691,83
1829,89
1997,08
1670,68
2132,89
1837,84
1785,08
2161,16
1964,71
2016,8
1893,49
1843,92
1911,27
1936,61
1818,18
1730,7
1802,96
2067
1714,33
2129,54
2049,76
1984,47
1891,89
1734,86
1989,74
2179,62
1747,05
1961,13
1775,19
1803,29
1880,67
2105,45
1966,74
1741,17
1836,57
1944,14
1842,95
1942,35
1927,58
1621,44
1814,65
1725,41
2036,64
1976,38
1829,31
1800,74
1961,28
1778,48
2144,59
1901,08
1987,09
2043,8
1758,55
1992,97
2059,7
1766,22
1874,51
1872,27
1714,61
1675,48
1981,84
1767,89
2103,19
1894,67
1712,3
1905,57
1870,46
2001,66
1632,54
2080,82
1918,15
1702,9
1878,67
1809,22
2062,04
1919,16
1784,64
2037,57
1721,94
1772,3
1768,27
1730,79
2002,93
1815,47
2108,03
1852,53
1964,47
1822,18
1849,17
1501,15
1985,7
1697,17
1782,67
1814,14
1837,99
1772,13
1890,36
1799,37
1819,55
1959,25
1908,95
2062,65
1855,43
1651,01
1984,31
1890,17
1640,25
1858,08
1993,54
2185,8
1821,88
1741,09
2301,46
1816,85
1927,5
1793,23
1824,9
1814,46
1920,83
1891,75
1963,28
2120,42
1731,3
1775,86
1817,48
1812,25
2003,02
1821,34
2193,31
2105,32
1981,19
1853,18
1961,14
1960,43
1851,55
1513,58
1709,39
1958,02
1811,22
1671,42
1631,06
1774,04
1924,98
1896,41
1487,24
1909,05
1711,75
1562,86
1886,99
1827,39
1812,01
1666,06
1563,15
2012,65
2011,33
2018,71
1817,62
1778,76
1909,19
1976,78
1907,38
1846,03
1853,37
1992,99
1577,26
1597,79
1680,9
1740,69
1941,31
1904,17
1629,1
1762,63
1834,51
1980,36
1650,85
2089,27
1884,08
1433,96
1993,01
2144,35
1821,79
1614,35
1587,81
1837,27
1957,8
2038,53
1710,74
2111,79
1761,61
1948,63
1946,63
1848,65
1989,51
1749,89
1979,87
1860,32
1979,65
1836,26
1804,35
1795,86
1812,15
1779,68
2182,59
1850,19
1950,08
2007,67
1730,1
1667,27
1487,38
1777,49
1902,42
1894,34
1957,98
1930,52
1899,08
2061,61
1840,63
1919,4
2148,45
1992,86
2116,95
1934,93
1890,01
1612,15
1847,42
1878,87
1737,25
1921,91
2033,73
1879,49
1849,36
1907,35
1928,43
1701
1623,33
1972,65
1991,14
1851,73
1767,86
2017,91
1977,6
1738,5
1822,55
1533,56
1873,06
2112,71
2081,31
1971,02
1628,62
1736,42
1744,13
1968,01
1901,8
1883,1
1780,77
1951,77
2021,62
1551,44
1918,47
1754,73
2059,76
1841,76
2028,46
1944,53
1916,14
2072,22
2110,59
1781,52
2025,82
1971,96
1853,97
1947,5
1791,87
1846,95
1810,96
1691,84
2008,6
1899,11
1872,16
2088,76
1810,67
1897,06
1924,82
1632,65
1935,12
1917,63
1710,4
1769,41
1936,78
1893,68
1993,81
1842,99
1911,97
1587,52
1792,77
1891,14
2124,71
2019,46
1742,29
1786,08
1768,05
2195,31
1769,97
1992,66
1832,18
1991,34
1844,6
1587,24
1806,15
1757,58
1674,12
1820,39
1810,91
2130,6
1879,25
1717,1
1812,15
1817,12
2002,8
1920,67
1766,1
1792,36
1751,69
1810,29
1859,74
1888,77
1910,21
1763,61
2162,81
1854,4
1501,49
1624,07
1856,79
1742,47
1691,84
2076,22
1951
1857,91
1661,08
1750,69
2133,24
1717,48
1988,35
1797,81
1635,98
1739,61
1827,39
1779,93
1868,96
1622,85
1973,09
1924,51
1909,82
1868,97
1837,72
2207,17
1730,22
1648,34
1966,74
1804,76
2037,72
1856,92
1850,59
1681,91
1784,28
1824,6
1638,45
1842,02
1795,47
2034,55
1878,43
1777,74
2017,36
1956,97
1866,48
1786,77
1956,88
1970,54
2099,82
1893,37
1848,98
2088,93
1787,36
1753,56
1829,46
1889,98
1980,76
1823,69
2027,52
1980,64
2046,5
1882,93
1936,4
1734,66
1915,2
1711,03
2126,09
2097,56
1946,54
2036,63
2056,28
1881,05
1765,13
2045,99
1889,39
1801,48
1725,39
1960,85
1681,57
1855,82
1757,01
1588,54
1587,65
1980,41
1907,54
1821,45
1730
1745,99
1824,16
2029,45
1822,79
1895,2
1752,35
1927,41
1877,67
2011,35
2000,74
2073,92
1682,82
1866,83
1923,71
1873,99
2188,1
1631,09
1814,66
1900,95
2085,7
1825,31
1646,82
2041,55
1665,82
1982,98
1890,75
2325,43
1649,01
1796,28
1781
1859,02
1975,16
1735,94
2234,6
1833,66
1692,77
1684,04
1954,87
1843,46
1935,65
2122,27
1786,26
1733,59
2031,02
1680,39
1896,8
1747,1
1848,39
1817,91
1758,32
1816,7
1957,95
1884,98
1862,12
1785,89
2042,81
2017,73
1885,09
1731,35
1803,09
1946,29
2227,11
1942,82
1585,81
1978,43
1859,31
1758,22
2084,01
1621,8
1923,2
1684,88
1955,06
1951,7
1655,22
2009,44
1699,3
1849,04
2168,41
1673,2
1796,91
2195,52
1870,98
1986,32
2070,17
1971,62
1905,13
1839,01
1882,88
1763,28
1704,49
1602,34
2006,17
1808,76
1755,02
1785,04
1830,99
1641,04
1874,73
1656,91
1835,74
1858,35
1894,73
1816,43
1875,61
1856,26
2019,74
1964,63
1921,54
1735,47
1824,41
1836,02
2008,87
1974,12
1919,24
1905,31
2056,1
1951,37
2025,74
1933,19
2008,02
1927,58
1868,81
1855,58
1913,55
1975,55
1962,47
1845,79
1672,3
1779,17
2169,94
1638,83
1964,1
1792,17
1861,14
1806,42
1872,24
1839,67
1687,01
1942,51
2055,99
1921,27
1863,08
2110,51
2025,17
1734,28
1854,31
1830,25
1835,69
1799,42
1818,47
1691,51
2097,34
2007,27
2011,36
1955,34
1991,45
1847,54
1956,99
2089,59
1848,4
1913,36
1976,61
1889,37
2024,33
1862,36
1729,23
1872,36
1524,74
1862,85
2054,85
1731,47
1703,33
2130,47
1761,33
1837,89
1972,73
1925,37
1873,27
1849,13
1923,34
1761,42
2073,4
1741,87
1933,93
1803,73
1732,06
1905,34
1922,48
1828,69
2098,02
1864,45
1734,55
1674,77
1785,8
2024,97
1712,64
1818,03
1755,1
1961,12
2033,96
1799,32
2065,96
1742,65
1845,33
1610,55
2039,69
1808,76
1584,09
1874,63
2259,96
1882,23
1881,76
2125,89
1868,54
1857,91
1805,6
1692,82
1893,45
1898,81
2154,32
1902,28
2080,93
1719,6
1978,8
2038,8
1760,94
1808,16
1778,57
1968,63
1987,05
1934,27
1644,61
1964,27
1891,48
2014,76
1789,09
1911,44
1702,06
2299,89
1974,19
1951,46
1616,79
2060,14
1799,59
1964,97
1870,03
1950,2
1759,03
1782,22
2050,24
1736
1593,05
1957,69
2185,24
1903
1816,34
1767,01
1769,59
1705,67
1904,14
1776,32
1692,87
1843,91
2073,91
1685,71
1772,76
1801,03
1500,47
1659,75
1920,43
1893,02
1831,29
2226,19
1784,66
1573,31
1956,74
1634,58
1740,62
1671,2
1996,74
1849,75
1981,32
1915,82
2030,44
1840
1759,77
1951,36
1857,37
1581,36
1817,5
1853,11
1710,38
1765,12
1982,47
2133,91
1727,09
2029,67
1819,34
2014,61
1958,63
1835,75
1867,8
2182,79
1626,36
2023,84
1691,62
2007,21
1792,66
2088,2
2079,17
1999,79
2114,4
1645,49
1866,86
1812,02
1852,08
1838,9
1775,99
1619,87
1892,33
1888,13
1983,94
1858,26
1769,33
1898,45
1797,76
1576,82
1797,93
1860,24
1768,44
1716,53
1968,79
1996,09
1689,1
2077,46
1981,4
1830,23
1856,73
1946,58
1805,4
1832,26
1977,7
2083,75
2169,69
1851,21
1748,88
2035,76
1875,2
2120,25
1910,21
1839,72
1938,53
2120,26
2092,9
2067,42
1742,82
1877,41
1824,01
2090,34
1788,49
1874,36
2037,22
2048,99
1814,65
1730,68
1861,96
1969,66
2006,02
1838,08
1851,75
1928,94
2091,9
1712,81
1946,17
2128,28
1772,13
1841,74
1677,46
2007,52
1965,65
1869,32
2057,25
1866,74
1681,9
1901,36
1929,86
1637,95
1934,58
1608,21
1763,88
1794,17
1821,57
2025,11
1946,27
1860,2
2077,93
1777,74
1846,93
1745,95
1672,09
1878,49
1814,36
1924,62
1870,91
1567,23
2023,94
2060,3
1775,61
1702,83
1776,81
2154,99
1743,16
1830,7
1851,38
1852,03
2100,24
1636,23
1889,66
1975,35
1805,36
1845,46
1819,28
1864,18
1851,5
1769,32
1678,92
1887,85
1706,73
1728,36
1745,49
1841,84
1821,73
1695,96
1958,39
1919,1
2069,59
1795,49
2011,06
1991,31
1951,09
1849,66
1706,82
1903,11
1955,42
1794,49
1739,8
1639,72
1726,01
1846,1
2021,61
1722,41
1808,18
2051,26
1808,33
1746,62
2080,68
1827,55
1663,05
1907,05
2007,33
1888,26
1773,5
1739,31
1817,77
1965,53
1863,71
2064,98
1866,48
1893,55
1933,62
1636,48
2048,5
1880,62
1898,6
2044,88
1706,16
1994,41
2022,14
1740,68
1943,39
1923,26
1769,32
1806,01
1926,16
1745,53
1997,73
1542,81
1884,94
1831,02
2217,11
2042,47
1768,24
1941,36
1953,12
1559,72
1758,2
1787,38
2118,36
1767,62
1892,89
1801,24
1863,96
2025,07
1695,61
1732,45
1840,05
1999,35
1987,12
1841,66
1913,64
2078,33
1791,15
1980,98
1864,17
2140,48
1979,52
2200,84
1790,25
1777,13
2005,19
1927,42
1879,4
1842,49
1928,15
1862,26
1853,54
1918,36
1886,84
1820,94
1872,13
1811
1715,92
1763,53
2146,37
1930,6
1943,13
1902,15
1887,37
2011,14
2012,67
1866,58
1665,04
1667,39
1891,98
1862,75
1750,47
1905,82
2228,92
1830,2
1976,6
1850,7
2048,68
1852,64
1812,23
1945,6
1803,68
1739,92
1945,17
1879,35
1866,59
2065,36
1801,53
2114,95
1933,44
2073,1
1852,74
2024,43
1780,85
1891,77
1713,84
1876,37
1749,93
1937,33
1953,43
2130,95
1959,42
1907,53
2055,41
2093,93
1699,1
2245,77
1910,28
1862,95
1660,59
1741,6
1872,52
1778,97
1770,78
1819,91
1778,61
2018,39
1941,71
2121,87
1952,31
1967,59
1693,41
1887,79
1644,84
1835,5
2023,78
1995,85
2033,98
2017,02
1905,73
2007,64
1805,35
2003,64
1908,83
1801,27
1908,56
1924,29
1768,71
1921,03
1922,42
2052,24
1891,1
1711,34
1722,86
1974,53
1504,93
1835,67
1890,51
1930,51
1679,98
1800,51
2127,26
1634,06
1866,12
2101,34
2029,44
1687,11
1894,06
1731,76
2091,59
2002,45
1903,91
2035,67
1765,32
2142,91
2061,5
1767,91
1723,92
1848,24
1793,93
2008,99
1734,11
1837,49
1715,8
1911,86
1964,05
1759,91
1962,95
1748,78
1817,43
1638,12
1580,05
1909,71
1690,26
1771,11
1970,23
1710,22
1795,22
1921,16
1862,75
1730,51
2045,16
1896,43
1962,71
1721,51
1625,77
1794,34
1621,18
1751,41
1926
1941,38
1921,16
2075,71
1858,64
1670,91
2133,2
1839,29
1797,87
1890,02
2003,72
1708,61
1811,08
1880,7
1894,26
1957,12
1887,28
2037,44
1869,76
1856
1914,54
1940,08
1646,53
2058,27
1994,89
1896,79
2124,46
1739,43
1864,01
1667,65
1978,06
1962,67
1647,35
2063,77
1931,97
1902,97
1878,72
1726,07
1953,08
1987,86
1934,91
2266,6
1766
1759,13
1930,3
1954,85
2164,61
1962,38
1845,17
1810,56
1635,79
1752,99
1973,61
1810,1
1925,9
1519,07
1790,08
1850,54
1832,21
1891,46
1710,4
2000,5
2151,99
1883,39
1844,84
1686,93
1877,13
2254,75
2221,36
1963,37
1684,7
1539,79
1903,73
1825,63
1511,37
1821,28
2008,48
1793,32
2134,1
2053,17
1898,63
1565,22
2005,1
1726,33
1680,68
2041,78
2026,19
2025,61
1870,69
1847,53
1950,08
2025,07
1945,05
2146,05
1825,6
1838,37
1887,97
1557,07
2110,31
1564,75
1587,14
2103,24
1498,15
1706,78
2136,86
2151,95
1989,35
2050,33
1944,63
1880,8
1821,38
1844,14
1785,27
2108,91
2006,15
1853,12
1787,17
1645,68
1782
1650,71
1958,69
1889,6
1825,74
1910,86
1944,46
1817,09
1827,27
1837,31
1509,1
1748,56
1584,5
2093,45
1989,19
1872,58
2062,06
1848,9
1668,01
1814,19
1762,07
1915,84
1960
1818,99
1808,86
1997,65
1940,5
1838,02
2115,64
1892,91
2006,86
1887,12
1811,51
1843,3
1630,34
1802,32
1927,91
1901,33
1735,71
1812,29
1851,02
1927,54
1852,36
2096,19
1777,93
1967,82
1784,85
1823,2
1713,58
1923,14
1846,13
1755,66
1977,75
1688,29
1872,02
1985,49
2106,24
1898,4
1755,58
1852,27
1763,35
1764,71
1874,52
1777,16
1728,65
1830,43
2233,64
1799,8
1857,69
1714,27
1704,46
1897,76
1759,93
1847,29
1807,83
2006,91
1914,99
1882,24
1816,66
1759,59
1984,39
1791,76
2177,09
1965,13
1831,75
1814,96
2039,01
1822,72
1826,85
1960,99
1512,54
2082,76
1754,7
1933,89
1810,68
2071,81
2037,22
2028,43
1939,26
1739,75
1973,64
1891,91
1961,53
1924,86
1956,33
1640,77
1689,15
2075,7
1956,91
1901,27
2112,86
1921,47
1536,98
1856,83
1986,51
1909,44
1578,7
1766,15
2044,12
1617,16
1772,64
1701,62
1953,22
1868,11
2028,63
1746,61
1646,78
2038,37
1548,48
1957,96
2013,47
1827,86
2214,66
1852,27
1795,23
1842,82
1758,94
2016,97
2066,46
1812,4
1696,62
2004,3
1976,82
1905,46
2160,25
1774,96
2061,33
2015,78
1778,39
2144,93
1925,22
1587,62
2026,01
1832,76
2033,23
1996,37
1763,14
1709,48
2082,87
1891,92
2019,63
2283,02
1805,24
2014,87
2153,87
1774,8
1758,36
1783,67
1867,76
1861,15
1742,83
1910,04
1864,7
1922
1856,44
1992,99
2004,17
1882,49
1888,58
1995,1
2102,38
1835,05
2033,2
2070,59
1859,25
2097,7
1705,63
1767,97
2028,09
2039,11
1705,22
1872,65
2087,74
1862,81
1929,26
1884,63
2002,36
1860,8
1791,29
1849,55
1754,76
2022,87
1923,28
1751,03
2031,58
1668,57
1928,65
1688,06
2050,54
1989,98
1987,87
1550,26
2110,1
1957,27
1896,78
2136,62
1986,82
1747,21
1707,19
2249,51
1874,6
1886,71
1921,05
2128,55
1742,45
1778,84
1947,73
1710,5
1799,98
2106,69
1654,6
1728,2
1786,52
1914,72
1852,01
2026,07
1817,48
1907,81
1667,08
1941,36
1799,09
1851,99
1902,25
1769,58
1852,15
1742,01
2036,12
2149,37
1872,49
1790,24
1931,95
1940,65
2091,02
1839,5
2006,7
1932,17
2094,91
1844,83
1710,25
1947,76
1935,3
1992,32
1748,22
1869,75
1627,42
1918,16
1847,06
1719,72
1785,41
1910,61
2100,9
1863,64
1923,44
1955,47
1948,17
2022,56
2020,92
2104,22
1984,02
2025,44
1664,87
1621,55
1978,88
1969,9
1847,34
1820,62
1702,6
1905,01
1862,41
2009,38
1719,25
1761,28
1902,13
1817,38
1857,18
2147,03
1735,42
1765,37
1851,69
1854,13
1774,46
1867,18
1863,34
1994,06
1782,2
1852,64
1781,57
1810,46
1795,73
1948,02
1815,31
1877,61
1924,74
1831,01
1889,07
2121,23
1936,47
1770,13
1665,87
1626,1
1968,12
1717,12
1847,41
1919,46
1835,31
1665,56
1738,85
1923,98
1850,58
1848,22
1700,78
1814,79
1885,23
1774,01
1609,96
1697,82
1838,01
1731,04
1808,33
1594,48
1928,08
1570,34
1859,59
2123,2
1608,81
1669,31
1890,87
1760,61
1828,21
1826,31
1839,74
1654,63
1754,67
1835,52
1997,62
1595,32
1906,55
1724,94
1925,17
1896,87
1597,33
1813,13
2098,77
2025,19
1757,95
2210,01
1920,17
1880,32
1908,71
1828,54
1979,87
2018,8
1718,31
1967,21
1835,77
1950,48
1660,4
1896,04
2043,82
2161,72
1784,89
1759,13
1745,81
1813,15
1980,11
1937,42
1742,89
1777,31
1894,43
1815,98
1960,76
1887,24
2034,68
1934,81
1898,63
1573,13
1962,01
1963,6
1957,87
1847,32
1917,79
1955,85
1865,06
1941,86
1935,2
1710,78
1910,71
1984,27
1742,78
2021,33
1921,84
1652,7
1773,44
1922,42
1622,8
1956,08
1825,27
1927,76
2025,39
1812,42
2189,65
1986,67
1707,11
1851,24
1818,32
1741,05
2137,58
1722,25
1851,71
1958,69
1902,18
1569,51
1971,55
1887,89
1875,86
1647,71
1608,28
1784,14
2198,07
1917,97
1823,23
1511,72
2031,4
1762,49
1965,09
1570,23
2052,15
2037,31
1855,41
1993,61
2046,69
1809,47
1794,95
1963,12
1845,62
2057,22
1961,52
1880,24
2021,81
1919,48
1633,71
2097,23
1957,71
1904,63
1812,51
1668,77
1860,47
2082,72
1733,56
1859,4
2097,78
2017,34
1962,89
1794,02
1912,01
1955,1
1801,83
1983,55
1722,32
2001,82
1902,33
1952,02
1924,72
1981,86
1719,21
1823,49
1910,19
1897,07
1785,8
1953,67
1781,19
1776,65
2017,03
1778,3
1679,92
1840,1
1606,13
1835,91
1938,48
1632,07
2097,53
1893,44
1845,59
1826,5
1699,11
1787,64
1964,75
1875,29
1770,31
1966,64
1760,33
1957,59
1782
1772,66
2004,09
1725,67
1879,91
1856,73
1909,62
1799,89
1796,15
1590,62
1574,77
1884,69
1884,56
1631,3
1896,67
1793,96
2083,1
1906,83
1616,17
1709,53
1939,09
1921,28
1902,15
1979,48
1988,17
1842,26
1841,61
2002,75
1884,32
1962,87
1991,03
1727,36
2091,73
1870,01
1789,93
1640,85
1855,81
1963,72
1862,08
2154,04
2006,61
1787,44
1886,25
1806,14
1754,15
1700,18
2121,01
1902,33
1760,88
1689,64
2094,41
2036,85
1944,53
1990,19
1860,45
1944,53
1899,19
1545,07
2042
1678,46
1801,57
1766,76
2098,56
1984,69
2109,49
1957,44
1969,77
1965,33
1975,77
1733,31
2017,55
2035,14
1796,87
1892,68
1905,55
1862,17
1846,87
1817
1685,47
1822,95
1917,41
1964,37
1952,31
1962,38
1788,75
2104,05
1811,7
2075,63
1915,42
2114,29
1894,76
2052,52
1656,55
1710,25
1959,88
1902,16
2067,28
1807,25
1706,52
1939,03
1893,55
1649,28
1928,86
2014,1
2016,23
1969,61
1853,37
1678,04
1759,03
1791,38
2013,68
1846,16
1816,94
1854,92
2057,4
1695,44
1984,4
1854,96
1551,43
1955,19
1720,32
1854
1815,13
1983,65
2109,27
1777,31
1748,32
1661,43
1871,39
1968,82
1845,23
2193,5
1783,76
1774,97
1765,49
1762,04
1867,24
2028,53
1749,73
1762,76
1871,28
2078,24
2119,31
1755,21
1872,94
2067,12
1928,03
1825,9
1968,3
1904,67
2048,56
1879,15
1894,34
1720,22
1699,44
1884,55
1729,79
2047,16
1808,48
1858,44
1979,61
1949,54
1822,96
2014,95
2009,9
1770,93
1804,68
1849,81
1617,56
1799,79
1831,59
1626,1
1810,77
1808,34
1509,87
1965,67
1892,75
2074,65
1999,34
1878,83
1672,6
2054,19
1991,86
1934,75
1990,9
2192,22
2152,05
2197,97
2010,07
1991,51
1639,71
2063,35
1574,32
1877,9
2050,75
1848,04
1908,09
1730,21
1814,37
1881,75
2096,93
1925,75
1754,01
1967,65
1988,02
1565,26
1909,88
1745,39
1848,36
2089,73
1538,01
1747,29
2014,81
1780,56
1710,94
2030,73
1878,81
1989,92
1730,24
1817,39
2030,58
1946,81
1777,36
1967,67
1906,67
2117,29
1746,19
2163,64
1778,72
1685,35
1848,35
1934,39
1589,04
1860,95
1893,3
2041,89
1963,02
2074,38
1604,41
1694,73
1686,67
2008,25
2064,51
1742,35
1780,97
1752,36
1930,91
2029,29
1989,72
1743,68
1637,36
1557,1
1926,94
1896,69
2095,8
1860,37
2136,5
2117,12
2132,75
1858,64
2149,22
1709,61
2046,42
1535,97
2284,95
2061,34
2107,47
1743,02
1912,13
2082,43
1987,49
2136,95
2077,36
1963,1
1817,66
1868,12
2087,25
2035,81
2044,76
1975,17
1879,89
1971,41
1879,61
1945,34
1788,99
2022,3
1763,49
1984,35
1928,57
1804,41
1670,09
1880,04
1802,33
1918,69
1861,12
1766,38
1768,73
1866,56
1853,7
2038,46
1913,03
1906,94
1973,33
1809,55
1778,17
1988,8
1920,69
1777,14
1761,51
1787,94
1938,97
1980,29
1786,13
1769,99
2066,73
1978,69
1892,44
1998,94
1859,97
1857,58
1900,19
1894,33
1877,32
1689,31
1925,9
2038,44
1774,61
1764,66
1895,71
1906,82
1876,72
1789,63
1901,47
1947,16
1934,63
1932,93
1753,06
1909,13
1921,75
1767,36
1676,49
1723,13
1717,76
1897,78
1823,26
2036,82
1744,14
1987,72
2057,94
1706,42
1925,99
2072,33
1741,27
1952,75
1813,04
1680,95
1713,04
1952,04
1825,91
1972,39
1874,33
1971,55
2113,63
2031,86
1745,46
1713,46
1776,84
1925,26
1965,36
1836,08
1798,11
1747,34
1851,97
1931,84
1956,68
1884,63
1921,99
1706,14
1546,2
1906,38
1872,62
1688,39
2157,76
1803,96
1670,01
1886,85
2236,21
1787,36
2011,76
2009,34
1768,27
1836,69
1872
1640,37
2116,47
1964,13
2038,25
2045,56
1841,88
1761,54
1929,73
1760,54
1792,35
1766,37
1956,14
1919,63
2063,89
1864,57
1826,24
1996,8
1786,88
1938,93
2090,56
2061,64
2244,78
1873,07
1939,64
1989,47
1860,87
1880,2
1769,61
1568,13
1742,22
1829,45
1730,4
1772,86
1954,8
1902,84
1542,93
1999,33
1880,44
2011,59
1953,87
2062,11
1819,72
1985,29
1643,8
1753,39
1761,29
1898,68
1766,29
1883,53
2006,77
1879,27
1888,47
2008,98
1921,23
1853,69
1753,26
1827,57
1809,89
1850,72
1913,95
2025,6
1981,75
1914,62
1968,02
1891,07
2004,85
1997,68
1961,97
1891,66
2091,19
2142,59
1922,35
2085,14
2027,3
1795,8
1902,96
1791
1818,02
1852,25
2034,69
1656,61
1884,59
1758,36
1845,53
2032,49
2001,72
1901,74
1884,91
2055,9
1713,16
1842,13
1561,36
1980,53
1916,57
2178,95
1887,67
2000,51
1742,74
1907,83
1609,18
1846,81
1787,13
2055,74
1961,23
1886,75
2032,48
1976,88
2027,49
1958,97
1782,23
1885,66
1742,72
2049,69
1732,77
2071,59
1763,9
1893,8
1844,9
1818,19
2023,27
1740,13
2093,74
1823,51
1955,56
1874,01
1756,48
1862,8
2031,96
1976,85
1822,55
1857,64
1826,41
1747,06
1928,5
1913,27
1949,21
1831,54
1881,84
1700,92
1971,67
1811,08
1974,42
1982,55
1801,7
1977,61
1858,56
2157,77
1811,05
1842,37
1672,85
2041,19
1690,66
1794,22
1738,86
1837,02
1820,8
2067,85
1887,43
2091,46
1717,05
1998,43
1932,49
2029,3
2189,09
2112,22
1959,24
1995,7
1674,21
1802,5
2010,71
1843,9
1788,99
1823,38
1862,26
1885,47
1685,11
1845,3
2040,55
1761,94
2149,89
1783,75
1682,49
1914,76
1660,29
1988,36
1986,19
1806,85
1859,33
1995,66
1850,98
1884,48
1869,33
1895,59
1725,27
1928,5
2086,51
2029,08
1750,56
1799,1
1823,96
1923,7
1881,91
1779,62
1733,94
1933,68
1811,44
1847,31
1921,54
2192,94
1763,23
1763,27
1842,68
1729,52
1911,04
1882,16
1843,86
1696,1
1896,5
1815,53
2054,1
1935
2058,47
1666,02
1723,39
1788,59
1965,56
1865,66
2169,84
1983,31
1886,67
2094,26
2014,2
2145,43
2059,33
1904,69
1975,04
1762,87
2061,6
1956,72
1936,63
1633,12
1921,83
1850,51
1845,97
2064,31
1947,18
1946,28
1769,38
1830,26
1932,24
1889,4
1553,15
1887,93
1903,63
1549,2
1675,2
1867,83
2002,95
1795,43
2052,69
1944,12
2117,67
1975,08
1870,04
1985,68
1913,35
1671,98
1986,11
2099,92
1925,74
1840,77
1830,95
2067,17
2034,83
1825,75
1931,15
1774,07
1865,42
1893,77
1882,84
1951,8
2009,34
1867,45
1699,05
1691,03
1853,84
1956,95
1735,84
1945,89
1864,59
1961,76
1843,63
1802,34
1921,97
1840,73
1685,8
1810,55
1915,57
1903,01
1762,46
1928,21
1796,71
1846,15
1819,82
2021,91
1777,15
2004,66
1968,95
1858,94
1809,52
1912,21
1726,45
2121,61
1706,38
1916,51
1931,56
1832,37
1851,43
1844,55
1743,58
1962,42
1786,85
1802,91
2123,37
1679,32
1724,61
1886,36
1763,84
1938,44
1930,31
1883,87
2051,67
2198,37
1841,24
1997,53
1871,76
1997,02
1834,94
1799,22
1838,26
1991,93
1681,32
2033,88
1842,69
1984,75
1948,78
2001,39
1657,45
1894,09
1907,7
1911,76
1786,75
1704,95
2086,03
1821,85
1856,37
1735,21
1908,92
1824,04
1890
1885,05
2060,62
1576,13
1990,24
1860,55
1826,66
1783,25
1870,71
2014,25
2165,34
2015,93
1917,28
1932,69
2032,36
1730,36
2011,23
1881,43
1622,45
1807,87
1658,71
1713,2
1771,85
1793,22
1703,91
2030,8
1775,1
1965,9
2091,25
1711,35
1774,06
1833,47
1954,97
1795,3
1953,61
1940,07
1607,32
1949,58
1756,57
1903,06
2064,86
1760,18
2076,91
1870,78
1769,48
1566,94
1685,42
1652,16
1926,95
2005,77
1972,41
1833,66
1810,36
1903,6
1855,96
1750,25
1934,23
1788,13
2010,42
1792,81
1770,15
1697,04
1893,02
1874,57
1873,57
1694,65
2080,62
2048,81
2078,86
2107,11
1950,8
1935,43
2055,28
2172,86
1911,52
1898,11
1905,1
1983,43
2096,65
2044,6
2070,69
1883,3
1962,61
1880,75
1803,34
1880,8
1795,13
1864,38
1942,8
2039,57
1807,37
1860,75
1795,92
1838,22
1659,52
1939,74
1830,58
1573,47
1963,68
2045,33
1995,37
1659,44
1879,62
1772,19
1911,49
1631,56
1741,82
2006,72
2035,3
1865,49
2005,15
2005,87
1907,45
1850,81
1772,83
1618,74
1835,13
1750,83
1965,28
2024,6
1988,42
1828,62
1892,67
1996,8
1907,22
1768,41
2070,23
1780,76
2027,11
1882,13
1772,97
1709,92
1799,46
2070,62
1946,59
2008,5
1949,1
2166,24
2021,47
1733,81
1777,55
1927,78
2017,08
2070,92
2049,82
2012,82
1755,03
1916,21
1876,13
1998,15
1782,57
2128,32
1996,18
1840,29
1829,78
1739,32
1846,9
1720,98
1706,43
2118,24
2018,07
2000,48
1894,4
1956,77
1554,52
1762,14
2055,84
1704,56
1738,95
2222,11
1628,63
2075,89
1849,13
1957,74
1948,74
1522,84
2063,25
1974,33
1822,38
1601,78
1875,65
1975,65
2133,17
1830,52
1905,95
1854,56
1721,7
1925,76
1795,22
1978,23
1626,7
2072,35
1871,5
1774,01
2122,28
1818,92
1887,26
1946,21
2154,02
1652,55
1821,07
1863,32
2105,93
1653,13
1922,79
1762,03
1822,28
1830,86
1791,85
1812,73
1993,75
1884,52
1722,83
1837,5
1757,23
1694,25
1645,06
1824,28
1847,8
1758,55
1799,01
1926,96
1963,28
1827,23
1803,91
1909,13
1767,78
2060,69
1792,79
1899,49
1983,19
1882,27
1816,37
1882,38
1810,15
1902,11
1983,37
2027,6
1768,31
1952,66
1928,17
2022,59
1932,6
1872,17
1841,88
1964,58
2038,68
1872,73
1978,64
1876,27
2048,44
1851
1989,98
1725,33
1995,02
1725,96
1880,08
1929
1744,7
1892,23
1811,39
1765,16
2046,76
1988,61
2099,26
1774,84
1854,72
1758,73
1824,18
1931,37
1892,59
1946,81
1805,7
1886,47
1987,71
1799,31
1776,39
1748,17
1886,43
2051,36
1830,11
1821,97
2069,74
1714,4
1646,18
1977,65
2029,55
1822,9
1859,48
1943,33
1947,13
1805,46
1979,91
1620,55
1804,45
1718,71
1963,93
1824,36
2170,46
1928,72
1545,88
1931,13
2090,01
1860,34
1774,78
1942,53
1772,11
1882,66
1950,5
1945,21
1818,34
2139,13
2044,15
1675,91
1742,9
1648,95
2049,08
1881,9
1755,87
1586,82
1794,84
1693,1
1707,14
1816,41
2045,69
1855,03
1690,8
2030,22
1959,97
1888,76
2069,51
1994,81
1870,7
1865,18
1741,15
1827,64
1905,83
1809,04
1715,49
2017,99
1751,89
1988,36
1721,48
1801,71
1764,49
1908,26
2000,59
1990,33
1962,47
2037,87
1690,59
1915,36
1928,86
1953,86
1924,34
2115,28
1698,36
1830,97
2128,43
1546,3
1851,62
1955,29
2083,21
1859,49
1738,59
2039,51
1735,39
1807,68
1934,07
1933,73
2076,09
1692,23
1847,51
1885,95
2018,63
1929,69
1944,37
1904,89
2039,45
1695,55
1798,91
1946,31
1917,01
1938,73
1993,59
1981,32
1848,4
1675,49
2041,81
1786
2012,21
1838,58
1541,28
2098,86
1902,17
1694,39
2098,06
1753,65
1922,26
2053,39
2115,06
1952,35
2051,81
1938,77
2034,81
1749,99
2019,93
1664,48
1865,29
2139,72
2066,47
1672,25
2118,14
1671,49
2154,6
1707,13
1804,63
1879,11
1904,04
2030,04
1816,06
1985,98
1957
1880,81
1855,79
2043,5
2029,27
1900,53
1854,15
1726,83
2069,06
1739,78
2055,58
1848,97
1705,26
1877,02
1764,95
1729,87
2152,61
2028,12
1778,37
1732,44
2166,6
2010,09
1875,72
1758,68
1916,67
1728,58
1811,11
2056,67
1729,81
1798,55
1777,5
1910,44
2060,5
1827,67
1901,21
2024,55
1812,09
1847,5
1848,38
1915,43
1977,78
1861,78
1927,7
1765,94
1949,15
2140,39
1830,13
1985,89
1834,04
1974,64
1735,71
1929,79
1926,28
1999,26
1935,91
1932,87
1727,05
1779,81
1951,48
1957,01
1789,13
1900,32
1893,31
1802,56
1891,44
1957,59
1653,4
2072,49
2039,54
1787,84
1657,1
2165,03
1699,99
1942,67
1888,64
1909,98
1808,7
1704,54
1980,5
2030,8
2009,26
1948,67
2062,26
1954,58
1741,31
1952,93
1717,19
1939,82
1720,46
1709,88
1740,86
1993,5
2038,58
1930,87
1821,62
1615,54
2016,92
1858,25
1838,2
2036,66
1730,24
1776,64
1804,43
1878,3
1550,36
1791,56
1699,13
1970,22
1828,53
2007,19
1718,21
1934,96
1854,39
1808,71
1722,93
2050,9
1694,35
2041,53
1945,53
1847,99
2073,6
1778,98
1872,84
1867,32
2004,88
1827,42
1886,07
1852,58
1926,94
2008,54
1937,32
2013,46
1936,54
2090,74
1856,55
2306,66
1840,56
1841,49
1798,19
2142,27
1952,75
1894,88
1738,76
1485,16
1982,41
1854,68
1856,36
1870,72
2020,54
1703,29
2035,53
1752,92
1915,23
2119,7
1879,4
1731,27
1355,95
1923,33
1822,33
1803,83
1851,66
2047,06
1809,85
1868,78
1691,22
1792,32
1794,1
1747,95
1783,68
1710,08
1816,07
1561,64
2094,43
1924,12
1943,39
1964,63
1721,29
1801,39
1559,63
1980,8
1687,11
1998,6
1788,65
1819,38
1946,28
1867,13
1843,38
1834,99
2067,94
1702,6
2039,06
1720,31
1815,94
2026,69
1968,07
1996,44
2100,46
1779,5
1637,73
1934,56
1801,78
1850,01
1796,98
1784,75
1719,58
1905,81
1872,71
1897,43
1814,13
2043,26
1770,65
1861,34
2005,88
1764,5
1940,46
1965,49
1825,12
1981,33
2106,07
1605,69
1892,52
1717,67
1889,33
1890,2
1969,45
1849,38
2035,91
1845,63
1749,02
2055,96
1658,68
1915,33
1910,85
2131,24
1793,26
1683,99
1638,76
1719,72
1972,87
1892,52
2024,78
1862,8
1934,6
1913,34
1879,98
1915,87
1707,93
1848,93
1999,85
2066,81
1620,23
1789,02
1863,73
1879,13
1909,77
1965,02
2020,17
1706,19
1855,61
1833,31
1653,64
1853,61
1961,57
1679,06
1851,59
2035,67
1692,47
2026,25
1556,35
1654,36
1929,91
2086,49
2003,25
1733,61
1964
1945,73
1916,11
1948,11
2011,73
1752,9
1695,03
1642,21
1747,15
2205,57
1989,89
2004,98
1745,39
1943,05
1578,99
1996,22
1739,06
2058,66
2027,45
1939,04
1742,84
1898,67
1999,95
1741,02
1930,73
1755,11
1954,77
1956,46
1871,68
1853,84
1870,03
1827,07
2060,1
2014,53
1823,89
1775,44
1665,3
1725,61
1729,46
2110,74
1940
2017,62
1994,93
1536,96
1694,78
1883,6
2065,72
1881,92
1836,81
1800,9
2055,02
1852,99
2062,33
1694,79
1945,94
1799,16
1732,57
2019,29
1910,11
1756,15
1846,54
2211,78
1985,11
1920,78
1846,65
1817,21
1722,12
1735,93
1790,14
1706,8
1811,33
2011,75
1881,03
1925,64
1682,75
1937,44
1894,42
1779,68
1758,67
1872,76
1932,14
1845,45
1888,1
2117,72
1856,15
1765,17
2097,43
1986,54
2025,98
1942,71
1763,63
1804,76
1654,09
1733,26
1824,36
2041,01
1861,05
1917,74
1791,99
1908,36
1668,36
1727,16
1994,65
1664,53
1794,4
1806,89
2118,22
1917,88
1768,18
2128,93
1994
1790,77
1760,36
1730,29
2097,31
1846,39
1885,19
1883,15
1818,26
1995,58
1916,21
1837,9
1941,07
1819,48
1882,69
1904,86
1665,38
2052,85
1890,89
1668,93
2052,21
2076,45
1836,02
1917,44
2046,43
1609,67
1960,92
1983,5
1550,28
1901,78
1769,08
1830,89
1888,52
1990,7
1547,75
1881,84
2051,72
2000,48
1861,46
1793,38
1812,11
1766,33
1992,33
1959,94
1918,88
1834,26
1862,86
1890,88
2147,87
1938,56
1839,86
1778,88
1843,73
1834,16
1901,22
1842,54
1781,84
2174,67
1721,92
1956,5
1800,4
1780,62
1774,47
2051,56
1707,56
1776,79
2020,03
1972,03
1910,95
1656,42
1720,78
2226,16
1933,45
1906,09
2058,17
1945,41
1659,78
1863,69
1529,07
1662,17
1945,41
2103,17
1789,65
1731,66
1762,55
1849,28
1712,37
1780,18
1853,9
2242,67
1976,86
1725,09
1730,92
1887,15
1877,21
1966,09
1904,79
2226,15
1915,15
1931,49
2014,61
1846,87
1952,59
1724,5
1805,05
1851,21
1860,96
1817,62
1906,59
1583,26
2011,08
1920,52
1906,67
2120,52
1759,08
2149,2
1749,59
1788,82
1856,09
1978,84
1863,52
2037,29
1992,42
1860,06
1940,48
1803,7
1546,05
1766,98
1800,32
1935,83
1723,64
1726,71
2042,31
1951,59
1824,68
1833,42
2013,63
1773,56
1820,53
1900,43
1850,27
1920,13
1847,08
1717,3
2004,33
1825,75
2070,97
1832,13
1775,58
1553,59
1525,65
1942,12
1907,13
2084,93
2005,24
1994,6
1924,62
1756,34
1690,62
1962,12
1969,24
1843,05
1881,26
1870,39
1931,88
2033,55
1998,24
2080,55
1854,17
2120,54
1810,42
1978,98
1620,27
1833,26
1784,84
1674,31
1921,49
1838,84
1851,19
1878,54
1954,36
1774,7
1862,8
1787,68
1854,77
1739,63
1854,17
1929,35
1943,53
1941,36
2088,19
1938,97
1979,18
2011,31
1690,3
1979,98
1934,9
2010,43
1945,78
1768,17
1775,16
1779,72
2092,65
1967,53
1933
1654,53
1755,76
1754,03
1852,31
1867,66
2023,75
1841,71
1939,01
1755,47
1959,74
1904,77
1861,34
2028,96
2048,47
1839,81
1846,88
1921,8
1687,62
2008,75
1751,61
1817,36
1756
1735,29
1896,34
2045,65
1689,98
1876,38
1841,85
1835,36
1638,25
2091,38
1664,81
1897,88
1872,44
1831,78
2042,4
1806,02
2042,76
2179,93
1987,96
2001,51
1971,32
1899,85
1874,89
2068,25
1982,28
1762,79
1764,11
2037,12
1898,5
1784,31
1918,98
1787,62
1681,79
1833,78
1785,79
1948,32
2018,61
1719,02
1818,41
1814,91
2071,82
1916,15
2085,2
1973,86
1708,96
1740,9
1945,28
1897,2
2095,87
1832,72
2087,68
2029,45
2053,85
1738,52
2023,3
2033,92
1668,3
1749,27
1911,35
2003,52
1988,82
1896,63
1797,05
1767,9
1914,59
1922,55
1951,53
1897,87
1816,42
1643,81
1843,93
1925,28
2062,85
1827,05
1840,94
1880,83
1994,69
1867,24
2054,61
1794,79
2062,67
1869,7
2114,02
1852,51
1966,46
1853,26
2063,84
2143,02
2073,43
1865,11
1998,18
2108,95
1950,34
1897,53
2011,26
1592,54
1545,69
1848,68
1777,77
1901,78
1842,13
1999,1
2162,01
1610,62
2133,62
1859,22
2141,63
1750,21
1797,22
2086,73
1793,74
2001,57
1876,04
1653,44
2138,92
1749,4
1976,93
1836,36
1618,51
1902,53
1824,53
1654,02
1963,4
1820,25
1709,01
1690,99
1945,53
2005,6
1767,69
1790,88
1980,93
1945,64
1968,61
1669,73
2110,07
2062,03
1814,15
2095,7
1499,81
1899,81
1882,63
1922,07
1970,63
2095,63
1968,49
2116,26
1835,35
1988,76
2200,95
1838,53
1916,07
1658,97
1777,89
1786,44
1788,39
1985,93
1645,17
1614,48
1773,49
1892,35
1739,98
2120,89
1959,7
1767,47
1872,07
1831,35
1952,31
1857,66
1918,44
2118,61
1907,56
1945,08
1734,74
1993,47
1983,46
2000,04
1591,92
2025,62
2073,88
1657,29
1756,22
2053,32
2006,05
2021,09
1667,41
1995,01
1943,94
1669,93
1912,08
1683,78
1966,32
1848
1908,22
2006,1
1945,98
1986,78
1847,11
1958,57
2021,9
2026,48
1627,61
1946,25
1679,77
1908,45
1978,31
1509,62
2061,67
1688,47
2137,59
1798,05
1804,01
1650,99
1841,43
1905,17
2066,16
2053,52
1978,89
2124,47
2041,99
1882,64
2042,82
1807,94
1791,73
1684,68
1832,02
1746,79
1943,57
1792,7
1898,01
1978,29
1905,15
1789,95
1683,24
2112,8
1888,77
1681,47
1483,4
1941,22
1979,39
1959,81
1674,72
1920,93
1952,68
2008,74
1880,21
1809,73
1881,8
1962,91
1755,41
1561,68
1822,56
1708,68
1988,27
2085,29
1718,4
2054,81
1884,99
1981,29
1663,42
1956,07
1733,08
1942,47
1951,02
1753,51
2122,14
2154,7
2059,62
1747,27
1823,91
1882,78
1769,62
1762,87
1755,59
1845,99
2003,52
2002,07
1751,62
1715,22
2016,88
1917,49
1974,23
1768,28
1789,28
2052,87
1741,04
1764,28
2030,41
1948,25
1701,36
1828,26
1893,7
1848,5
1962,36
2125,78
1887,79
1661,56
1836,04
1798,28
1590,69
1857,53
1888,36
2001,06
1652,99
1493,24
1717,25
1964,01
2070,88
1832,79
1885,54
1869,65
2099,21
1798,3
1938,33
1533,29
1864,13
1876,36
1998,04
2095,47
1920,22
1700,2
2008,42
2057,19
1942,83
1984,17
2092,1
1863
2042,88
1761,72
1961,22
1790,5
1942,28
1872,57
1834,11
1831,51
1831,43
2180,19
1906,41
1891,7
1758,83
1907,81
1908
1910,49
1809,07
1918,96
1667,81
2012,17
1819,74
1779,76
1602,81
1911,47
1911,69
1808,42
1683,65
1730,03
1724,65
1819,96
2019,24
2082,12
1862,18
1934,53
1731,69
1863,97
1940,54
1820,85
2026,14
1638,28
1980,28
1986,67
1717,88
1785,72
1592,96
1614,6
1797,8
1969,06
1951,23
1830,2
2057,04
1989,87
1865,9
1816,94
1721,1
1780,77
1827,77
2116,17
1614,21
2049,29
1919,33
1691,77
1920,75
1933,46
1803,86
1930,97
1808,37
1872,53
1747,62
1627,79
1912,77
1845,25
1818,93
1937,15
1863,65
1997,06
1912,83
2009,73
1884,63
1823,1
1750,72
1842,56
1741,97
1737,78
1865,36
1919,86
1997,8
1768,03
1956,19
1759,48
1814,38
1796,29
1878,59
2035,58
2001,08
1883,2
1883,04
1845,63
1755,61
1743,74
1965,56
1961,9
1823,98
1763,31
1971,3
1880,73
1909,86
2055,23
1599,57
1983,11
2030,36
1835,71
1676,2
2052,81
1677,08
1688,27
1891,06
1846,59
1955,36
1990,21
1712,38
1845,12
1929,98
1894,26
2205,44
1988,54
1657,96
1864,59
1820,59
1734,11
1912,57
1729,98
1931,06
1904,48
1633,04
1921,56
2341,75
1823,47
1723,89
1731,14
1962,12
2020,49
1895,78
1987,68
2123,88
1859,18
2105,63
1890,82
1861,35
1742,58
1870,46
1816,16
2045,8
1979,68
2069,75
1956,86
1954,38
1560,19
1902,18
1863,81
1560,68
1836,87
2030,4
1958,27
1987,55
1978,59
1794,8
1925,55
1682,72
2068,45
1779,57
1715,83
1926,31
1963,35
1684,13
1966,19
1883,9
2218,1
1867,29
1996,31
1956,38
1793,87
2096,72
1869,62
1841,62
1969,23
1651,85
1703,73
1782,35
1859,25
1989,39
1762,37
1872,81
1711,8
1630,29
1839,17
1733,17
1913,7
1844,97
1988,46
1880,62
1890,75
1826,12
1927,25
1842,63
1816,42
1883,23
1909,3
1867,5
1944,33
1706,73
1871,34
1763,28
1908,63
1905,23
1814,33
1722,38
2204,2
1863,08
1830,79
1755,76
1839,31
1984,8
1390,62
1886,86
1901,07
1695,4
1810,93
1969,19
1980,22
2002,76
1966,26
1870,87
1681,92
1710,34
1699,88
1968,41
1890,1
1924,02
1833,09
1818,88
1825,85
1842,57
2025,9
1798,35
1954,04
1882,93
1756,56
1778,12
1832,56
1818,02
1917,37
2085,26
2015,46
1871,01
1650,34
1788,87
1970,5
1908,73
1742,1
1779,34
1777,59
1947,29
1647,54
1787,99
1949,54
1759,58
1817,39
1950,45
1823,58
2123,7
1941,97
1757,85
1697,57
1824,44
1795,73
2122,5
1820,75
1823,58
2022,06
2035,02
1679,57
1755,31
1898,68
2041,43
1788,28
1901,67
1735
1694,86
1917,89
1954,42
1860,39
2211,92
1937,93
1856,85
2044,29
1881,81
2212,82
1985,48
1842,03
1929,33
1988,08
1898,32
2102,73
1891,5
1923,07
2123,03
1880,6
2011,19
1731,83
1843,29
1757,97
1799,98
1926,79
1981,81
2007,71
1745,48
1861,34
1878,71
1951,21
2033,33
1760,31
2111,76
1801,1
1982,08
1886,39
1904,79
1921,99
1821,21
1909,96
1832,75
1882,11
1819,32
1790,63
2041,84
1999,12
1667,14
1699,6
2032,32
1831,61
1632,4
1607,2
1663,65
2066,63
1906,93
1802,71
1711,74
1945,8
1798,9
1776,03
1691,72
1974,84
1824,11
1997,54
2026,31
1901,99
1813,37
2008,06
2071,75
1826,89
1914,43
2255,45
1754
1919,98
1897,8
1787,37
1784,51
1941,63
1786,02
1762,9
1978,7
2093,62
1790,69
1889,32
2026,75
2054,68
1934,07
1823,44
2071,95
1805,64
1758,49
1907,78
1955,95
2133,06
1816,78
1783,32
2066,7
1743,12
2008,61
1902,92
1761,37
1603,25
2032,09
1820,1
2089,34
1921,55
2052,19
1514,32
1546,49
1899,02
1805,01
1935,91
1702,89
1806,34
1631,95
1794,36
1803,75
1571,68
1911,83
1972,14
1959,01
1889,93
2042,6
1781,77
1973,4
1960,28
1684,24
1881,03
2003,67
1844,72
1824,57
2217,56
1820,93
1924,5
2040,56
1812,46
1714,22
2111,76
1871,73
1755,92
1960,2
1945,95
1882,09
1948,14
2014,14
1814,03
1899,42
2127,47
1750,47
1932,61
1731,5
1950,25
1908,82
1929,79
2078,04
1874,11
2105,85
1815,74
1867,99
1495,9
1949,94
1889,92
2011,33
2149,77
1854,95
1732,24
1937,71
1988,68
1887,71
2137,56
2001,44
1666,33
1776,18
1932,8
1953,7
2121,84
2003,42
1907,89
1628,81
2046,94
1895
1761,42
1887,43
1771,77
1752,33
1930,55
1859,86
1918,43
1956,74
2159,35
1797,43
1968,96
1753,75
1811,53
1725,27
1708,94
1628,91
1736,1
1756,03
2144,03
1898
2135,46
1953,55
1957,16
2035,63
1755,07
2118,86
1857,14
2005,71
1927,34
1674,61
1718,37
1991,46
1749,9
1969,88
2206,57
1955,89
1719,36
2064,65
1580,05
1841,16
1605,39
1947,68
1739,68
1852,59
1592,87
2144,77
1760,79
1837,01
1842,78
2073,32
1968,1
1486,08
1999,89
1675,97
1712,42
1603,74
2022,68
2203,19
1918,13
1967,13
1979,49
1764,63
1827,25
1625,56
1851,78
1691,48
1736,29
1947,54
1594,53
1722,02
1696,71
1885,23
1903,15
1872,53
1710,5
1643,64
1799,64
2087,29
1923,3
1764,63
1894,31
1855,27
1794,7
1987,95
1841,17
1827,23
1996,66
1687,98
1779,83
1845,13
2143,84
1907,34
1790,37
1765,41
1648,23
1740,84
1848,11
1997,23
2093,44
2125,46
2014,98
2111,45
1806,1
1695,57
1897,17
1903,68
2177,95
2059,52
1945,4
1826
2011,18
1924,16
1615,75
1875,91
1757,42
1855,52
1844,1
2140,55
2236,79
1879,41
2042,11
1976,31
1923,17
2178,48
1987,9
1802,24
2026,63
2018,19
2021,46
2031,72
2064,8
2083,82
1790,67
1783,93
1838,2
1882,83
2086,15
2134,41
1694,14
1944,24
1793,66
2140,28
1928,67
2188,06
2041,96
1741,19
1964,19
1962,89
1867,01
1979,55
1991,47
2043,56
1872,76
1862,23
1904,07
1832,57
1895,39
2192,32
1963,49
1791,84
1780,56
1797,96
1656,81
2196,57
1686,02
1857,76
1801,46
2033,9
1970,5
1869,51
1895,82
1977,46
2063,61
1904,43
1827,71
1810,39
1942,14
1846,87
1775,62
1985,76
1987,01
1766,91
1992,05
1846,45
1730,96
1888,82
1642,46
1788,79
1661,05
2126,11
1832,03
1943,11
2063,26
2017,29
1813,64
1717,16
1975,42
1881,18
1855,44
1897,08
1882,36
1714,09
1852,05
1940,52
1768,57
1982,31
1917,47
1930,77
2120,79
2199,98
1456,28
1854,94
1911,54
1642,6
1819,63
2067,53
1940,86
1801,91
1960,3
1827,4
1778,19
1678,17
1759
1923,41
1869,25
1864,77
1975,42
1990,66
1913,94
1829,56
1864,72
2011,94
1661,98
1834,57
1907,91
1804,42
1892,93
1767,77
1814,41
1774,61
1727,68
1971,05
2080,54
1942,94
1763,66
1988,83
1676,09
1838,66
1834,27
2123,04
1827,44
1868,33
1925,06
1985,24
1816,28
1971,94
1897,43
2013,58
1636,27
2053,46
1754,99
1989,55
1961,56
1928,3
1578,41
1844,93
1573,89
1845,32
2018,32
1802,82
1782,69
1941,26
1719,31
1839,3
2023,89
2120,12
1815,52
2073,01
1825,28
1865,18
1868,01
1983,85
1722,09
1659,88
1731,93
1950,99
1630,9
1794,59
2015,41
1958,09
2040,42
1894,85
2069,33
2124,97
1720,9
1918,27
1844,59
1822,99
1896,05
1797,76
1906,6
2125,59
1875,9
1790,24
1931,87
1998,72
1457,4
1689,87
1714,53
2038,42
1705,16
1856,73
1850,58
1851,22
1850,68
1899,71
1660,99
1580,81
1931,86
2084,28
1981,21
1878,15
1992,29
1832,76
1829,87
1796,1
1849,96
1750,05
1867,46
1782,49
1784,07
1781,84
1913,76
1825,42
2040,39
2207,05
1919,37
1895
1989,86
1709,7
1710,18
2041,4
1929,59
1779,66
1937,94
1540,9
1981,64
2033,89
1730,61
1994,23
2174,59
2062,6
2224,09
2025,19
1813,11
1867,12
1676,79
1797,04
1876,44
1954,39
1759,4
1746,02
1688,6
2075,04
2159,23
1910,51
1961,98
1723,67
1930,4
1786,3
1729,87
1809,49
1896,5
2061,73
1849,09
1930
1902,32
2047,1
1820,18
1839,27
2028,18
1790,48
1977,62
1870,07
1928,33
1608,38
1920,23
1722,33
1829,94
1945,85
1877,86
2083,85
2103,44
1829,05
1690,02
1830,71
1799,37
1914,45
1859,73
1967,66
1996,93
1762,9
1632,08
1688,24
1737,86
1882,11
1945,44
1983,52
1689,72
1806,14
1921,58
2045,76
1815,54
2224,91
2117,55
2023,8
1826,55
1784,19
1836,62
1881,27
1843,55
1711,78
1874,93
2002,14
1719,85
1850,42
1689,78
1694,13
1937,68
1716,31
1782,97
1670,73
1808,46
1942,95
1886,57
1990,5
1959,3
1946,33
1939,13
1913,85
1748,31
1470,49
2107,46
1570,79
1832,73
1961,05
1841,39
1871,87
1733,74
1915,39
1782,94
1753,57
1913,94
2048,52
1680,95
2012,77
1784,08
2157,22
2097,72
1953,42
1773,67
2018,72
1753,52
1961,34
1821,84
2065,82
1748,68
1889,84
1450,44
1972,17
1996,54
1860,05
2074,24
1871,15
2073,44
1630,61
1780,11
1921,58
1922,07
1966,81
1922,17
2039,6
1948,65
1857,66
1647,94
2179,74
1854,25
1872,63
1902,74
1982,76
1888,58
1915,62
2010,1
1904,19
1606,65
2067,24
1556,59
1738,91
2042,47
1884,99
2071,38
1823,22
2016,13
2007,86
1829,93
1812,12
1690,51
2050,61
2000,89
1988,01
1887,08
1825,83
1863,61
1897,45
1809,35
1835,89
1941,39
1858,53
1780,47
1902,24
1887,02
1759,22
1759,3
1908,87
1871,96
2165,87
1866,84
1894,91
1766,7
2098,47
1997,84
1865,47
1815,4
1677,43
1765,13
2118,57
2101,45
1881,14
1852,08
2070,78
1781,38
1826,72
1963,46
1796,39
1657,87
1776,56
1660,56
1821,25
1757,24
2004,09
1770,81
1933,78
1861,72
1736,58
1835,16
2003,38
2003,3
2088,78
1915,77
1809,18
1941,33
2144,43
1709,92
2046,11
1709,05
2020,41
1904,15
1934,66
1879,86
2084,94
1953,13
1747,75
1867,01
1632,6
1805,53
1790,71
1938,02
1875,88
1862,76
1795,91
1767,83
2060,83
1895,64
2014,41
2056,61
1986,78
1917,36
1808,54
1974,66
1936,08
1997,7
1848,3
2033,05
1893,54
1805,47
1919,93
1993,48
1896,13
1883,07
1782,64
1641,65
1801,49
1537
2007,91
1876,33
1948,19
1753,77
1823,58
2040,25
1540,99
1836,21
1822,03
2028,73
1899,88
1613,72
1789,3
1850,54
1872
1758,55
1687,39
1782,88
1852,21
1814,88
2022,73
2001,32
2099,95
1781,87
1892,82
1766,31
2014,25
1634,53
2046,77
1903,2
1844,84
1840,81
2064,45
1713,48
1935,8
2042,33
1787,52
1785,61
1925,63
1778,61
1885,01
1949,08
1880,14
2031,4
2006,79
1940,01
1820,94
2062,84
1820,08
1747,14
1835,49
1883,66
1903,17
1953,47
1785,45
1660,57
2042,68
1913,27
1966,47
1760,7
1887,63
1447,66
2015,09
1774,54
1692,47
1525,93
1990,73
1906,27
1669,21
1869,28
1743,76
1946,21
1921,1
1857,73
1780,94
2034,72
1799,22
2088,47
1809,34
1942,62
1909,72
2026,74
1655,92
1880,89
1614,59
2117,17
2347,65
1700,86
1885,47
2067,55
1796,21
1925,86
1394,3
1679,92
1891,7
1911,26
1876,06
1921,13
1878,33
1905,44
2074,44
1844,7
1886,54
1848,66
1865,48
1931,05
1863,02
1979,73
2068,95
1786,53
1705,09
1704,09
1793,25
1890,81
1744,6
1865,9
1975,69
1826,64
1880,15
2030,69
1941,83
1922,77
1935,09
1791,39
2110,55
1972,53
1694,36
2023,06
1990,9
1757,39
1759,19
1870,86
2093,19
2040,44
2044,79
1828,85
1699,86
1973,01
1657,24
1925,87
1785,37
1715,87
1846,48
2075,44
1813
1995,95
2147,56
1906,2
1600,28
2176,25
1667,39
1842,89
1943,32
1680,88
1950,33
1868,67
1873,14
1892,06
1990,94
1686,45
2194,78
2042,97
1815,01
1599,94
2063,72
2059,35
1864,07
1823,97
1740,04
1923,48
1946,33
2026,62
1759,47
2012,2
1959,39
1783,84
1788,22
1579,8
2029,96
1736,54
1727,12
2012,52
1668,85
1945,61
1871,93
1828,39
1670,96
1988,81
2107,39
1727,44
2152,92
1895,63
2193,39
1794,71
1999,08
1908,05
1972,91
1666,14
1874,19
1716,93
1759,45
1927,97
1875,03
1973,57
1777,09
1748,56
2008,69
2012,81
1869,53
1796,52
1839,12
1824,67
2068,39
1876,55
1774,58
2022,27
1917,46
2106
2148,86
1932,16
1794,79
2029,33
1881,75
1913,33
1878
1939,56
2069,59
1732,49
2038,68
1843,52
1765,16
1903,54
1955,42
2030,13
2118,93
1987,77
1878,83
2004,49
1854,65
1703,74
2029,47
1794,03
1799,35
1944,69
1866,23
1835,58
2045,42
1911,38
1738,99
1767,92
2032,84
1906,77
1836,92
1753,34
1753,23
1967,14
1998,77
1951,89
1732,76
2000,22
1942,13
1523,92
1806,7
1968,51
1837,77
1941,73
1732,21
1787,3
2113,82
2255,47
1728
2145,41
1591,71
1772,64
2092,37
1856,67
1643,49
1935,06
1907,37
2156,11
2072,35
1940,58
2073,36
1971,24
1772,25
1934,21
1904,99
1876,57
2025,46
1726,35
1764,36
1970,97
1833,19
2019,5
1834,96
1690,18
2052,18
1636,82
1829,41
1951,19
1940,69
1910,23
1674,99
1963,24
1930,43
1963,63
1929,59
2012,65
2027,17
2017,74
1698,45
1712,87
1803,31
2030,17
1887,81
2007,83
1672,46
1906,95
1634,97
1812,17
1818,69
1729,99
1785,7
1988,79
1770,2
1795,22
1848,56
1842,17
2086,82
1725,56
1730,3
1893,5
2046,95
2119,89
1847,7
1956,65
1614,36
1799,94
1799,66
1757,38
1812,94
2021,78
1803,48
1881,74
1723,38
1830,67
1792,65
1857,74
1843,4
2004,72
1860,25
1797,37
1816,38
1867,71
1888,42
1629,46
1763,95
2012,13
2022,05
2084,17
1782,7
1985,15
1894,44
2083,4
1677
2007,63
1952,72
1974,8
1693,96
1643,16
1849,89
1710,94
1617,61
1977,63
1812,17
1893,47
1915,06
1623,52
1931,35
1777,4
1836,97
1830,93
2044,13
1860,72
1981,04
1987,84
1837,53
1736,26
1925,1
1815,04
1995,13
1885,75
1964,56
1989,3
1801,56
2025,01
1623,62
1823
1612,47
1886,71
2023,55
1809,76
1984,12
1919,99
1434,43
1787,46
1849,33
2042,18
1688,82
1852,11
1704,71
1996,87
1807,97
1873,44
1809,61
1945,92
1877,05
1783,32
2002,25
1815,9
2064,39
2185,4
2039,26
2117,09
1960,54
1912,26
2007,86
2131,58
1885,79
1841,77
1902,96
1964,36
1808,46
1868,93
1784,88
1715,3
2039,75
1972,13
2046,12
1967,11
1946,8
1887,14
1942,33
1555,51
1759,29
1903,7
2066,99
1883,7
1733,11
1991,45
1830
2034,12
1926,32
2057,37
1958,49
2011,99
1952,38
1916,97
1990,32
1940,26
1971,99
2011,13
1709,38
1804,8
2278,62
1944,26
1954,6
1685,75
1899,18
1736,02
1993,35
1682,4
1740,01
1989,17
1969,63
1833,95
1892,8
1655,78
1736,5
2101,89
1806,26
1850,88
1623,83
1818,26
2048
1700,32
1945,64
1854,23
1682,47
1969,78
1657,84
1713,24
1909,51
1890,6
1939,54
1676,84
2009,25
2001,72
2050,15
1861,34
1718,46
1651,63
2102,98
1830,4
2070,44
1652,53
1997,66
1830,25
1643,39
1984,21
1872,96
1884,63
2040,72
1876,3
1586,27
1829,5
1965,9
1939,18
1641,67
1891,53
1895,34
1942,61
1836,55
1656,55
1733,05
1978,26
1529,01
1727,31
2032,06
1994,13
1740,35
1733,13
1897,25
1813,77
2121,48
1744,5
1949,21
2094,31
1754,58
1947,69
1962,69
1961,77
2053,88
1979,46
1595,87
1771,16
1919,5
1896,67
1762,91
2034,02
1741,17
1784,19
2123,88
1823,62
1989,39
2076,91
2011,56
1862,48
1879,63
1745,26
2000,46
1874,54
1926,53
1844,39
1886,83
1848,01
1804,98
1911,1
2026,79
1743,72
1828,66
1616,53
1583,16
1782,63
1617,86
1876,55
1963,61
1772,05
1975,56
1845,31
1927,69
2072,09
1658,61
1623,78
1829,86
1746,59
1785,78
1907,59
1861,54
1940,25
1986,37
1548,25
1775,2
1978,82
1926,18
1982,19
2162,11
1938,68
1845,59
2079,75
1712,26
1931,69
2011,36
2030,7
1774,22
1733,46
1856,58
1759,05
2023,83
2127,44
2051,99
1954,48
1841,04
1787,43
1836,21
1702,88
1721,02
1966,8
1916,4
1896,56
2035,48
1842,7
1800,57
1753,86
1415,61
1817,79
1799,31
2143,98
1716,66
1758,98
1940,4
1801,73
2011,02
1896,92
1662,21
1973,99
1783,18
1748,82
1945,22
1784,99
1866,05
1961,89
2074,2
1821,34
1825,68
1897,08
1952,86
2041,34
1963,35
1837,5
1743,67
1755,4
1621,9
1975,29
1862,75
1813,39
1913,23
1797,48
1988,55
1779,29
2075,26
1919,87
1903,73
2235,83
1976,64
1949,57
2050,76
2005,01
1728,81
1715,94
1696,21
1760,77
1972,78
2169,78
1945,34
1816,95
1930,72
1938,59
1757,63
1960,4
1969,43
2053,46
1814,24
2025,12
1468,83
1735,87
1981,2
1966,77
1831,6
1729,52
1706,58
1971,49
1868,86
1789,69
1685,99
1936,34
2205,51
1940,77
1768,08
1752,66
1995,87
1879,89
1968,11
2026,17
1832,51
1843,9
2126,33
1727,79
1683,63
1696,32
1953,25
1840,35
1878,09
1838,44
1726,81
1873,22
2132,16
1789,16
1772,45
1891,86
1714,13
1783,53
1905,26
1999,86
1844,63
1570,79
1891,39
2068,23
2086,98
1897,75
2018,9
1883,51
1897,81
2003,99
1991,17
1712,36
1993,34
1918,41
1704,19
2062,35
1760,99
1985,88
1817,28
1685,52
2301,97
1991,37
1931,64
1831,87
1971,61
1628,98
1922,83
2082,49
1988,13
1751,26
2113,73
2075,39
1879,29
1821,47
1899,71
1800,23
1874,93
1837,64
1976,69
1858,48
1699,12
1894,17
1772,83
1627,82
2017,29
1759,09
1840,21
1814,92
2010,11
1890,32
2064,34
1592,39
1919,59
1988,88
1728,99
1980,38
2128,33
1895,31
1988,95
2045,66
1962,11
1987,89
1909,89
1885,73
1741,21
1906,18
1788,5
2136,49
1871,84
1906,08
2198,48
2181,57
2073,46
1791,39
1806,25
1933,79
1911,29
1956,66
1587,52
1904,02
2123,45
1713,41
1937,16
1884,22
1688,29
2105,86
1830,44
1686,07
1919,12
1832,01
2070,62
2017,21
1866,56
2153,21
1769,48
1898,79
1913,18
1863,21
1790,61
1853,31
2080,07
1698,05
2014,91
2169,15
2109,97
1831,07
2003,69
1928,03
2150,56
1975,4
2027,69
1873,26
1547
1723,56
1684,28
1934,91
1979,76
1894,14
2111,96
1886,89
2167,93
2024,4
1976,39
1838,15
1874,13
1961,26
1995,07
1875,07
1826,25
1958,32
1754,88
1584,7
1878,12
1700,6
1863,14
1991,67
2070,53
1950,52
2125,75
1975,5
2106,94
1883,35
1772,52
2000,48
1895,97
1734,14
1841,5
1837,31
2070,15
1824,42
1980
2014,53
1920,65
1901,72
1805,14
1920,77
1781,83
1755,71
1807,64
2039,97
1614,35
2068,03
1804,77
1896,28
1748,47
1846,95
2123,74
1814,97
1788,25
1813,28
1758,4
2018,21
1999,13
1810,53
2124,55
1760,12
1939,76
1914,35
1820,85
1971,01
2011,18
1964,29
1740,9
1840,17
1542,86
1727,45
1512,44
1926,69
1971,42
1585,21
2105,21
1974,17
1630,57
1984,38
1951,72
1869,15
1853,3
1956,28
1989,59
1914,34
1857,39
1965,91
1977,84
1779,95
1778,05
2173,25
2024,19
1854,39
1879,74
1938,36
1812,53
1980,41
1864,93
1981,24
1722,18
1840,6
2069,49
1824,07
1876
1846,34
1994,88
1848,12
2109,27
1944,29
2060,76
2023,26
2045,69
1629,37
1837,63
1862,75
1817,03
1770,5
2084,85
1909,27
1910,04
1789,84
1937,64
1977,62
1745,65
1848,73
1836,13
1944,75
1798,8
2082,38
1876,24
1909,01
1797,36
1836,87
1729,93
1520,07
1932,9
1941,44
1923,73
1710,87
2265,07
1631,34
1830,47
1751,63
1795,02
2100,24
1853,21
1714,52
1950,24
2018,05
2095,37
1921,45
1700,68
1958,81
1916,9
1866,38
1921,48
1761,27
1946,12
1731,97
2033,01
1800,88
1926,8
1807,56
2022,58
1786,25
2032,29
1931,71
1878,45
1974,44
1888,87
1886,03
1877,86
1767,35
2133,11
1630,53
1837,57
1931,2
1921,56
1788,28
1747,99
2180,54
1757,87
2004,34
1725,32
2108,59
1767,63
1978,21
2062,98
2036,8
1789,22
1783,17
1837,56
1701,97
1627,21
1974,57
2127,87
2053,07
1722,03
2022,55
1877,2
1836,6
1752,28
2010,53
1745,53
1833,97
1887,33
1776,95
1957,62
1625,49
1672,64
1972,63
1852,16
1864,18
1836,76
1984,82
1950,9
1902,2
1689,67
2196,41
1970,09
1937,75
1626,64
1991,48
1892,61
2054,08
1792,28
1850,55
1989,75
1682,17
1740,62
1850,15
1990,58
1891,82
1864,96
2109,59
2068,03
1918,15
1844,42
2165,85
1851,13
1897,5
1917,25
1801,52
1814,2
1535,09
1690,29
1851,51
2069,82
1817,78
1703,66
1827,71
1950,6
1876,29
2152,08
2167,95
1886,21
1828,38
1919,82
1901,13
1758,65
1840,87
1797,9
1717,1
1861,35
1718,32
1910,47
1754,28
2393,8
1989,11
2042,58
1876,04
1618,05
1971,47
1740,7
1872,02
2020,64
1753,16
1793,9
1721,11
1890,53
1834,69
2053,61
1794,97
1823,82
1955,02
1844,26
1859,68
2089,64
1973,5
1877,64
1944,33
2001,88
1939,29
1914,76
1896,78
1907,59
2173,77
1698,98
1938,31
1880,91
1936,21
1982,93
2013,01
1742,25
1800,88
1834,79
1820,75
1953,64
1799,47
1938,16
1568,19
1792,25
2018,82
2001,42
1826,22
2033,38
1972,02
1832,77
1903,5
1734,32
1921,22
1760,86
1900,02
1764,69
1955,85
1616,62
1696,87
1909,75
2120,27
1905,11
1932,32
1984,26
1816,22
1892,13
1565,17
1835,97
1701,53
1865,99
1885,92
1729,31
1925,81
1722,55
1858,7
1668,77
1688,21
2027,55
1852,04
2016,2
1685,19
1692,61
2053,83
1567,65
1931,66
1825,38
1875,38
1996,32
1634,92
1722,07
2150,14
2117,2
1673,94
1708
1795,03
1837,66
1884,59
1841,85
1994,82
2232,86
1959,6
2076,07
1876,48
1730,48
1704,39
1843,48
2084,81
1874,62
2044,59
1913,31
1973,28
1940,95
1571,66
2020,08
1878,5
1861,14
2089,76
1778,88
1739,44
1609,37
1709,6
2020,77
2062,36
1960,93
1938,39
2096,27
1919,7
1824,46
2046,49
1988,21
1894,04
2070,76
1968,53
2121,05
2171,44
1973,15
1966,62
1919,85
1648,45
1932,11
1772,39
1704,84
1952,12
1702,26
1863,85
1966,26
1788,12
1726,27
1631,45
1838,8
1716,23
1806,27
2031,42
1980,48
2111,39
1871,65
1717,81
1864,61
2139,09
1856,04
2071,15
1865,54
1587,52
1839,74
2128,92
1902,77
1817,35
2065,01
2066,07
1795,68
1971,57
1800,66
2056,06
1912,39
2128,8
1982,69
1762,99
1801,46
1694,11
1609,44
1686,53
1678,11
1661,09
1894,85
1897,36
1922,92
1970,55
1837,31
2054,76
1917,6
1943,07
1680,56
2038,51
1926,31
1494,06
1764,36
1855,86
1829,03
1908,31
1556,68
1601,67
1887,06
1948,43
1965,51
1842,43
1889,27
2098,86
1979,18
1713,87
1817,89
1856,13
1822,89
2022,97
1932,93
1776,52
1683,72
1983,02
2074,82
1891,01
1838,68
2085,84
2078,81
1881,89
1819,37
1909,48
1873,64
1788,55
1741,4
1856,37
1744,45
1916,19
2165,23
1767,45
2042,53
2061,71
1852,95
1948,3
2016,46
1814,78
2124,3
1831,45
2126,75
1825,77
2152,36
1691,19
1769,33
1859,47
1902,55
1849,62
1920,08
2041,2
2096,61
2026,28
1768,28
2027,51
2014,17
2135,55
1786,65
1947,25
2118,38
1979,93
2091,35
1819,85
1870,21
1901,25
1665,6
1765,61
1938,18
1646,86
1907,48
1932,12
1794,56
1804,07
2037,2
1798,52
1842,52
1916,95
2033,81
1952,25
1880,39
1828,03
1763,54
1911,71
1729,33
1864,66
1961,01
1897,15
1998,28
1742,85
1744,13
2024,13
1773,28
1945,6
2018,23
1727,13
1930,87
1652,33
2082,57
2041,19
1901,92
2081,94
1909,73
2130,03
2044,75
1806,31
1778,01
1743,67
1910,42
2115,02
1932,91
1810,4
1921,16
2024,74
1984,92
1918,1
1741,45
2021,94
1772,54
1897,31
1678,44
1880,4
1794,05
1904,17
2002,68
1994,71
1989,97
1735,49
1985,74
1989,99
1857,78
1962,57
1959,58
1566,95
1749,33
2058,36
1881,81
1891,68
1959,92
1940,9
1702,01
1976,94
2104,64
1896,86
1678,94
1770,16
2024,71
1768,89
1657,48
1904,83
2069,09
1936,85
1973,97
1864,7
2008,68
1728,92
1755,28
1793,08
2174,42
1950,58
1840,05
1789,14
1944
1965,89
2064,53
2015,9
1582,09
1808,28
2121,93
1988,24
1617,39
1773,34
1697,08
1884,7
1976,94
1638,21
1940,77
2017,05
1819,27
2197,08
2026,66
1709,43
1784,34
1982,24
2172,57
1954,27
1673,9
1599,56
2114,05
1817,9
1666,88
2119,18
1749,17
1941,1
1835,83
1641,13
1748,83
1826,32
1680,45
1887,76
1540,73
1650,05
1921,75
1708,81
1989,16
2077,03
2070,36
1908,33
1795,11
1763,35
1761,87
2033,82
1819,41
1786,67
2125,84
2029,21
2003,82
1738,38
1966,14
1822,63
1852,92
1988,12
1928,99
1833,67
2050,31
1990,49
1673,48
1774,87
1811,33
1814,93
1774,52
2058,65
2049,69
1959,94
1797,46
1891,16
2153,04
2099,39
1684,69
1706,13
1753,49
1729,03
1832,23
2137,98
1874,5
2071,44
1695,82
1855,8
1935,09
1815,82
1820,58
1951,51
1673,19
1629,77
1654,05
2193,14
1941,07
2158
2202,76
2030,6
1776,55
1943,56
1859,76
1764,56
1836,08
1980,94
1908,63
2047,51
1881,31
1946,96
1967,43
1904,27
1851,87
1952,43
1964,23
1884,29
1743,54
1878,12
2073,67
1817,53
2047,96
1968,89
1767,16
1721,03
2109,03
1898,35
1900,06
1925,62
1922,62
2033,95
1901,04
2207,4
1820,97
1805,99
2054,64
1981,82
1943,43
1856,9
1753,23
1859,14
1728,73
1946,26
1819,45
1908,76
2014,74
1891,41
1583,77
1962,44
1736,03
1789,55
1785,8
2133,81
1809,11
2021,64
2064,64
1908,05
1963,1
1752,99
1707,41
2013,11
1919,24
1827,8
1850,9
1771,61
1950,46
1837,86
1959,55
1750,01
2068,85
1739,07
1881,1
1924,64
1485,41
1988,64
2035,61
1748,89
1855,18
1931,31
1956,47
1814,82
1636
1885,15
1838,13
1846,5
2001,11
1595,37
2067,2
1803,56
1866,11
1904,5
1872,89
1656,79
2082,77
1731,61
1834,83
1763,58
2035,59
1799,22
1716,6
2039,53
1855,3
1916,13
1672,19
1705,89
1898,52
1868,92
1885,47
1892,94
1819,09
2008,28
1979,48
1746,77
1942,33
1641,33
1780,83
1732,04
1980,52
1616,28
2111,91
1937,65
1930,85
1657,35
1989,26
1696,96
1953,01
1930,85
1906,21
1780,92
2063,36
1739,63
1740,48
1840,5
1619,59
1852,44
1816,41
1816,63
1927,14
1969,57
1944,01
1798,5
1988,55
1682,79
2076,46
1915,02
2217,44
1883,43
1840,49
1943,89
1882,68
1699,06
1730,94
1705,02
2023,87
1858,18
1840,29
2066,68
1824,66
2002,24
1942,54
1981,92
1959,82
1725,36
1889,56
1943,25
1784,24
1965,16
1682,55
1871,63
1681,25
1802,66
1644,6
1962,08
1713,06
1496,06
1891,8
1895,19
2044,09
2155,96
1889,8
2085,42
1932,12
2189,83
1918,26
1957,05
1776,05
2034,3
1824,28
1642,66
1809,68
1657,14
1713,14
1823,23
1715,14
1725,69
1899,9
1827,42
2001,35
2055,17
1882,2
1864,34
1834,41
1972,87
1923,96
2016,82
1972,75
1947,84
1871,55
1824,24
1853,27
1739,37
1823,14
1854,4
1901,29
1827,58
1812,27
1560,25
2237,93
1938,3
1717,84
1794,39
1722,51
1595,57
1654,05
1912,09
1930,16
1859,61
1975,5
1932,98
1838,96
2168,05
2014,53
2006,16
2005,63
2179,23
2189,85
2016,78
1832,2
1732,6
1931,06
1833,39
1888,13
2022,01
1801,27
2027,1
1941,5
1802,59
1859,27
1816,02
2000,73
1606,38
1759,01
1873,07
1914,57
2094,91
1834,95
1875,27
1847,84
1770,69
1790,84
1944,89
1954,26
1832,7
1928,37
1818,15
1948,28
1811,53
1793,7
1642,54
1838,37
2115,52
1709,72
1919,35
1807,56
1740,3
2063,52
1886,63
1985,58
1691,79
1803,32
2089,26
1857,96
1981,42
1721,72
2005,54
2031,87
1796,02
2057,74
2070,28
1909,85
1651,36
1922,21
2093,88
1769,3
1969,83
1713,8
2006,01
1849,39
1759,61
2041,29
1869,66
1772,12
1887,53
1938,41
1957,43
1738,7
1703,14
1953,71
1718,31
1991,3
2011,43
1697,99
2113,88
1676,41
1932,24
1798,18
1638,73
1975,64
1880,84
1774,71
1836,27
1804,01
1863,6
1925,42
1681,03
1874,5
1754,93
1857,11
1869,81
1917,7
1941,03
1824,11
1963,8
1675,19
1708,92
1747,88
1988,23
2087,47
1871,21
1978,46
1930,55
1894,19
1908,1
1850,34
1748,55
1952,59
1904,2
1993,33
1735,44
1930,17
1986,67
2074,95
1994,35
1950,34
2147,96
1814,5
1654,76
2107,37
1970,18
1751,62
2063,94
2195,11
2083,06
1914,55
1984,53
1878,32
1685,33
1679,31
1852,07
1747,17
1704,44
1991,85
2070,28
1758,02
1882,12
1769,32
1888,99
2187,59
1895,31
1776,28
1875,99
2071,91
1917,63
1765,26
1899,45
2124,52
1696,99
1717,14
1892,6
1674,23
1926,1
1736,8
1648,02
1947,31
1705,74
2031,31
2098,48
1880,8
1940,13
1550,19
2056,45
2092,9
2085,18
1730,84
1887,88
1811,74
1972,3
1740,21
2042,61
1949,98
1702,82
1930,11
1841,34
1970,55
1948,76
2061,79
1871,64
1762,31
1956,67
1933,95
1965,79
1742,4
1893,01
2083,35
1780,91
1724,65
1977,08
2046,33
1760,97
1937,77
1944,14
1734,46
1967,16
2120,68
1991,45
2046,85
1964,94
1731,82
1805,61
1964,75
1814,67
1987,38
2006,77
1584,68
1858,28
1993,91
2003,87
1809,69
1884,26
1802,62
1977,39
1971,72
1964,16
1715,31
2120,93
1843,19
1925,25
2102,32
1841,95
1983,89
1699,72
1849,53
1753,13
2056,17
1945,81
1834,69
1938,69
1855,16
1549,2
1669,93
1891,14
1991,26
1508,52
1960,69
1801,3
1734,77
2009,03
2045,97
2124,29
1827,56
1803,3
1772,93
1872,08
1920,11
1977,03
1940,32
1758,53
1835,03
1721,39
1783,08
1762,08
1991,52
1648,63
1939,37
1723,96
1541,12
1789,11
1704,62
1848,56
1794,84
1866,03
2247,43
1824,64
1930,8
2004,87
2031,45
1948,38
1943,92
2116,24
1853,43
2046
1927,91
1932,87
1946,86
1704,56
1818,7
2046,04
1898,41
1862,24
1838,22
1840,55
1787,89
1759,56
1857,38
2018,62
1932,12
1724
1772,77
1616,63
1918,39
1983,09
1754,4
1929,69
1731,61
1754,8
1986,55
1824,36
2082,56
1831,36
2010,59
1971,2
1757,33
1921,06
2065,49
1822,02
2017,35
1995,04
1894,58
1609,17
2005,83
1816,54
1807,49
1666,58
1827,67
2082,04
2023,45
2294,12
2085,02
1807,61
2058,79
1816,68
1962,49
2031,81
1788,03
1937,52
1880,76
1691,16
1802,67
1999,81
1634,87
2055,92
2221,84
2144,93
1773,46
1808,57
1924,15
1830,27
1735,5
1796,44
1905,15
1621,6
1807,27
2047,8
1870,42
2066,24
1674,64
1706,68
2173,74
1964,5
2012,26
1976,82
2131,84
1820
1765,54
1977,69
2018,53
1901,38
1685,38
1903,12
1682,88
1677,61
1830,93
1833,72
1853,61
1984,72
1626,25
1920,12
2001,06
1950,59
1881,86
1868,27
1778,59
1583,52
1954,01
1839,25
1708,7
1679,6
1579,02
1636,99
2060,26
1840,99
1926,31
1819,88
1966,05
1772,43
1658,66
1605,76
1968,98
1769,35
1954,45
1941,23
1703,95
2017,5
1677,98
1780,5
1797,96
2055,98
1989,18
1860,57
2149,24
1944,6
1970,28
1904,18
1848,78
1739,54
1689,75
1957,79
1972,08
1910,15
1757,41
1927,59
1880,26
1941,46
1950,43
1647,57
1880,55
1986,08
2177,08
1969,87
1777,2
2132,14
2080,09
2035,94
1930,87
1769,34
1455,81
2021,26
1943
2123,47
1854,14
1770,45
1688,65
1875,33
2102,43
2062,47
1853,04
1983,72
1969,14
1870,61
1861,63
1743,32
1859,56
2185,69
2032,9
1801,68
2055,18
1922,91
1582,71
1903,01
1787,34
1730,58
1916,34
1951,75
1994,66
2000,83
1855,96
2040,46
1579,48
1899,54
1949,36
1775,17
1951,4
1703,83
2199,19
1749,44
2023,99
2058,08
2029,31
1872,17
1654
1693,41
1603,34
2013,92
1976,36
2020,76
1975,64
1773,15
1859,36
2062,81
1570,41
1948,04
1822,61
2003,83
1989,89
1738,44
1734,72
1919,28
1740,05
1848,36
2026,15
1840,34
1874,29
1661,01
1738,53
1758,99
1806,6
1847,3
1765,23
1637,96
1905,6
1693,13
1982,15
1829,76
2006,63
1988,14
2051,86
2069,82
1709,52
1943,61
2111,04
2026,26
1903,54
1977,99
1871,93
1792,58
1552,03
2067,64
2001,43
1674,12
1957,08
1905,3
2029,18
1855,5
1893,37
1820,75
1870,92
1927,74
1971,07
1956,87
2008,15
1921,07
1862,5
1881,13
1979,08
1919,19
1576,58
1864,86
2045,68
1970,84
1859,01
1867,09
1808,33
1845,38
2009,54
2114,78
1950,73
1609,46
1989,27
2039,7
1854,07
2004,83
1819,18
1991,35
2095,2
1890,39
2024,24
1985,42
1758,64
1876,04
1790,63
1848,43
2006,18
1793,56
1937,16
1617,83
1875,19
1682,39
2035,93
1871,89
1639,69
1730,1
1767,19
1810,35
1779,32
1671,77
1851,27
2055,72
1810,99
2111,95
2035,34
1974,8
1745,29
2054,62
1737,35
1664,05
1969,43
1838,67
1929,11
2114,49
1843,49
1841,79
2033,94
1841,48
1891,69
2103,25
1906,99
1588,86
1805,09
2129,53
1979,25
1915,98
1790,94
1930,86
1946,23
2010,81
1821,93
2008,43
1988,54
1873,1
1884,11
1929,75
2005,15
1704,26
1865,46
1805,95
2089,9
2072,94
1717,76
1817,89
1693,82
1906,29
1935,24
1943,19
1877,24
1739,36
2154,11
2354,62
2096,74
1874,47
1777,12
1808,73
1700,54
2227,01
1779,07
2135,74
2189,43
1904,92
1678,58
1719,69
1657,81
2074,98
1720,62
2106,31
2040,14
1929,42
2076,25
1923,25
2004,7
1782,04
1573,95
1779,24
1947,77
1823,71
1838,33
1713,51
1907,31
1932
1790,1
1912,9
1736,3
1914,24
1912,42
2063,7
1954,08
1786,56
1477,82
1871,65
2063,46
1928,88
1765,92
2128,9
1945,13
1951,69
1783,21
2053,14
1917,52
1798,77
1840,48
1908,42
2045,49
1815,99
1901,9
1830,93
2087,02
1705,18
1732,7
1926,23
2057,56
1573,24
1877,05
2028,38
1910,59
2042,49
2151,26
1897,35
1779,3
1915,22
1963,69
2038,2
1916,01
1983,75
1891,34
1931,13
1765,84
1943,03
2088,1
1952,29
1979,82
1968,89
1910,85
1802,15
2031,15
1673,55
1811,28
1853,75
2050,03
1817,78
1991,19
1930,77
2039,95
1813,74
1796,06
2033,65
1830,5
1917,41
1834,07
1779,37
1852,72
1673,08
1739,64
1995,16
1850,49
1879,76
1811,51
1910,58
1924,72
1831,98
1903,86
1719,74
1685,62
1990,88
2005,55
1876,9
1730,04
1814,13
1907,07
2193,39
2084,91
1783,5
1899,73
1888,55
1919,68
2114,65
1712,04
2055,16
2110,39
1995,5
2265,11
1985,84
1906,89
1914,02
1978,11
1721,87
1806,49
1689,87
1812,08
1743,04
2124,18
1952,38
1972,14
2023,56
1834,56
1762,03
1700,7
2055,81
1865,08
1915,77
1998,21
1716,5
1921,32
1689,06
1909,24
1909,61
1950,25
1980,87
2001,45
1877,3
1801,91
1841,88
2044,26
1706,11
1975,36
1759,37
1948,16
1934,36
1703,77
1632,05
1833,95
1798,06
1936,2
1797,13
1855,26
1884,97
1886,43
1695,48
2039,76
1777,54
2047,65
2142,34
1799,53
1995,81
2114,41
1851,08
1902,78
1943,94
1957,6
1949,34
1979,35
1845,11
1942,53
1870,6
1805,32
2115,26
1783,47
1790,14
1804,23
1944,06
1899,88
1782,38
1870,48
2033,4
1804,69
1880,46
1794,07
2077,94
2027,24
1911,27
2034
2113,13
1991,71
1979,28
1884,09
2240,62
1690,35
1748,22
1797,57
2179,17
1833,12
1664,25
1747,3
1908,55
1856,28
1813,1
1896,25
1710,23
2155,79
1960,69
1861,26
1781,23
1899,59
1626,91
1941,11
2005,89
1920,18
1719,1
1842,05
1818,36
1710,82
1783,12
1878,89
1903,89
1873,42
2049,41
1867,57
2042,29
1617,03
1918,06
1863,75
1753,01
1870,36
2069,44
1808,98
1895,38
1715,53
1866,36
2042,33
1967,59
1850,8
1879,78
1956,75
1893,97
1872,45
1773,69
1976,84
1518,71
2121,71
1716,53
2164,96
2047,08
1770,5
1802,77
1936,93
1879,21
1894,39
1999,52
1637,52
1712,46
1886,93
1935,88
1883,1
1867,52
1890,64
1969,94
1915,24
2045,19
1829,65
1815,94
2070,57
1824,49
1697,68
1713,48
1803,88
1788,35
2074,09
1505,1
1944,03
1891,83
2003,87
1993,65
1810,41
2032,62
1722,17
2206,86
2023,01
2363,16
1535,85
1817,74
1594,25
1693,62
2080,46
1850,22
2034,19
2087,44
1964,4
1996,24
1815,75
1926,92
1862,78
2148,69
1942,94
1922,8
1932,1
1804
1658,65
1989,72
2074,46
1946,8
1784,82
1839,53
1736,83
1885,53
1706,97
2080,06
1985,76
2122,51
1833,22
1915,79
1802,91
1870,71
2144,58
1869,74
1696,72
1928,03
1894,43
1805,69
1657,73
1847,25
1824,21
1830,5
2161,21
1925,88
2199,75
1801,31
1845,87
2147,07
1945,01
1833,6
1808,74
1915,64
1779,29
1963,21
1688,28
1947,95
1785,16
1762,79
1877,06
1886,41
1920,55
1698,76
1828,26
2029,41
1568,25
1993,95
2160,18
1903,97
2040,52
1812,37
2035,86
1922,96
1725,62
2124,63
2024,27
1667,13
1967,2
1621,71
1934,52
2095,81
1962,38
1696,87
2138,17
1567,47
1801,85
1825,55
1914,04
1810,9
1965
1779,59
1845,82
1881,56
1675,55
2034,87
1921,36
1676,67
1800,57
1727,76
1980,07
1742,27
1605,69
1992,44
1833,5
2079,22
1945,98
1993,57
1959,83
1902,49
1619,47
1992,38
1939,62
2036,13
2043,77
1956,43
1631,37
1929,81
1914,72
1946,49
1752,52
1809,43
2039,72
1589,94
2233,49
1920,6
1672,97
1922,76
1821,04
2027,98
1784,37
1638,61
1954,68
1941,2
2052,59
2044,14
1804,21
1917,14
1945,51
1950,71
1723,75
1848,45
1848,24
1765,74
1632,22
2025,84
1815,66
1833,34
1876,72
1965,51
1948,42
1602,05
1920,88
2001,15
1870,51
1878,07
1919,58
1752,62
1812,02
1859,99
1854,89
2048,4
1943,39
1968,81
2055,76
1706,88
1839,88
1869,8
1741,5
1956,56
1866,56
1689,06
1924,74
1912,58
1959,33
1617,23
2206,13
1798,25
1810,73
1537,89
2026,88
1995,53
2053,69
2013,2
1944,44
2139,38
2023,67
1924,95
1847,95
1810,82
2201,26
1830,02
2019,89
1852,4
1861,57
2003,39
1720,39
1733,55
1951
1883,9
1983,15
1892,86
1978,3
1932,19
1856,46
1899,04
1840,85
1622,7
1932,18
1907,26
1901,59
1867,93
1984,52
1950,61
2046,29
1811,54
1678,11
2055,66
2126,61
1855,87
1789,55
2126,77
1990,91
1679,46
1984,68
1682,95
1856,67
1736,62
1656,7
1643,02
1823,17
1708,74
2179,25
1881,53
1645,5
1657,65
1841,31
1863,08
1570,2
2195,94
2174,39
1901,04
1945,49
1743,21
1772,97
2271,16
1963,65
1489,4
1809,63
2062,13
1825,81
1870,63
1915,62
1915,56
1706,25
1995,2
1882,61
2109,24
1696,4
1753,79
1860,66
1983,32
1888,46
1787,78
1960,96
1883,71
1924,74
2035,87
1900,79
1849,14
1943,11
1685,37
1944,72
1807,07
1809,51
2098,14
1924,37
1911,22
1974,68
1821,46
1856,05
1800,82
1959,68
2010,38
2051,56
1770,25
1974,95
1981,45
1826,28
1996,62
1913,66
1741,59
1920,88
1952,59
1663,81
1812,38
1651,46
1739,77
1986,62
1978,08
1969,69
1965,25
1990,35
2054,93
1649,11
1762,61
2043,49
1653,13
1962,2
1864,24
1979,25
1771,88
1925,2
1830,93
1861,12
1822,28
1593,8
1746,41
2095
1989,31
1831,09
1929,82
1933,98
1929,48
1744,42
1845,41
1662,89
1909,63
1939,56
1793,21
1687,07
1720,79
1963,08
2126,38
1926,9
1851,23
1685,95
1618,13
1875,9
1894,85
1985,06
2028,09
1710,91
1989,18
1892,85
1889,97
2049,88
1546,22
1958,19
1953,33
1904,78
2175
1985,25
1732,53
1972,69
1861,18
2058,72
1914,07
1844,61
1669,48
1409,31
1917,7
1759,83
1899,3
1603,76
1950,34
1873,62
1987,72
2000,81
1823,06
1802,48
1731,77
1958,14
2036,77
2034,88
2028,02
2062,7
1915,57
1737,77
1915,36
1895,99
1909,28
1840,45
1736,5
1822,71
1947,7
2056,58
1789,03
1927,55
1754,14
1955,03
1593,01
1768,8
1822,82
1851,01
1852,24
1995,81
1856,53
1786,99
1702,85
1963,14
1809,04
1878,21
2056,44
1765,1
1836,91
1995,89
1739,12
2096,87
1859,25
1759,72
1926,92
1891,18
1921,22
1969,3
1857,33
1750,53
2076,14
1744,46
1973,59
2105,69
1912,91
1900,73
1902,65
2144,98
1829,22
1807,59
1758,25
1846,22
1763,73
1981,61
1661,49
1920,09
1765,52
1854,12
1843,63
1914,43
1810,56
1921,96
1700,17
1972,62
2032,79
1829,68
2113,69
2081,91
1929,33
1957,31
1726,27
1787,38
1912,1
1675,04
2097,5
1730,85
1957,84
1785,27
1797,81
1697,49
1966,11
1726,68
1956,16
1791,97
1839,99
1728,25
1854,46
1670,66
1787,88
1904,6
2293,45
1824,71
1921,54
1845,26
1838,85
1747,41
1734,11
2008,46
1950,78
1955,51
1959,37
1818,37
2044,51
1953,23
2055,89
2111,21
1723,35
1947,19
1772,23
1943,62
1829,33
2091,14
1986,85
1940,07
1732,89
1874,62
1968,3
1766,75
1826,08
1938,72
1945,66
1860,41
1910,61
1782,54
1980,59
1902,73
1806,56
1947,65
1881,51
2079,58
1805,84
1873,08
2024,01
1821,9
1903,68
1628,49
1740,6
1939,57
1806,39
2082,29
1893,63
2179,18
2047,34
1607,38
1767,15
1978,04
1754,16
1781,39
1874,98
1999,36
2010,04
1979,12
1789,12
1796,21
1888,99
1815,48
1609,09
2082,03
1797,74
2031,29
1881,27
1971,38
2027,07
1694,23
1862,9
2004,4
1788,7
1702,37
1814,32
1704,79
1789,2
2021,58
2122,48
1772,9
1751,78
2059,11
1884,71
1867,86
1762,87
1773,88
1874,85
1920,47
2051,2
1753,78
1968,02
1900,49
1873,77
1760,23
1764,75
1878,44
1690,3
1788,89
1963,26
1959,15
1737,27
2041,37
1805,54
2121,22
1725,58
1659,11
1726,36
1715,67
1944,54
1998,57
1844,76
1944,82
1992,73
1719,54
1840,86
1922,04
1874,31
1939,98
1799,92
1779,2
2116,12
1843,23
1721,03
1817,32
1894,28
1774,99
1664,21
1867,95
1861,75
1744,11
1815
1732,73
1892,72
1988,89
1909,25
2001,92
1847,43
1834,15
1934,47
2044,05
1844,66
1839,37
1902,41
2039,7
1811,6
2002,61
1714,37
1933,43
1772,59
1918,33
1973,99
1931,15
1626,79
1760,28
1838,54
1815,81
2044,33
1688,06
1833,43
2053,66
2074,96
2302,05
1708,78
1838,66
1965,94
2081,22
1908,71
1762,1
1756,36
1998,84
1630,91
1787,77
1809,07
2059,13
1918,98
1550,7
1904,97
2055,35
2234,99
1901,82
1733,39
1712,52
1837,76
1824,47
1803,29
1544,52
1723,76
1741,67
1875,06
1709,66
1895,4
2018,46
1756,16
2100,2
1724,76
1853,56
1731,21
1985,99
1606,03
1912,4
1785,29
1974,05
1727,28
1777,62
1536,55
1873,59
2071,79
1665,9
1768,15
1682,15
1765,46
1870,65
1763,68
1799,12
1841,2
1725,37
1840,11
1757,06
1988,06
1799,6
1796,2
1860,06
1971,57
1728,63
1803,58
1705,46
1743,95
1811,57
2053,62
2112,74
2336,1
1773,59
1919,75
2188,08
1948,39
1897,42
1883,77
1744,91
1993,43
2016,77
1976,87
1986,92
1784,98
1780
2018,6
1927,98
1633,89
1857,34
1986,62
1860,13
1855,58
1901,52
1852,78
1916,19
1757
1664,42
1785,63
1841,04
1921,64
1803,27
1673,31
2026,73
1909,04
1955,47
1807,15
1874,28
1829,46
1799,47
1928,06
1871,94
1954,36
1811,63
1833,35
1496,22
1851,73
2163,97
1601,65
1810,16
1945,54
1620,12
2154,81
2005,28
1717,03
1831,82
2076,34
1786,43
1894,45
1963,9
1879,82
1833,94
1918,74
1739,43
1780,89
1927,29
2206,65
1938,88
1772,61
1914,59
1784,72
2047,18
1908,72
1511,93
2063,04
1883,11
2000,98
1989,2
1617,25
1896,74
1877,65
1787,09
1867,69
1711,94
1594,23
1725,53
1776,39
1936,89
1967,3
1772,92
1923,34
1930,12
1833,45
1829,02
1960,46
2089,48
2062,02
1793,22
1775,06
2165,3
1804,5
1791,59
2108,96
1955,59
1736,33
2017,56
2022,42
1959,24
1878,64
2164,1
1880,81
1654,03
1961,45
1906,86
1893,39
2108,29
1601,16
1864,22
1824,6
1972,41
2003,78
1952,02
2044,61
1878,29
1987,98
1984,02
1890,1
2129,62
1762,09
2164,69
1829,1
2086,14
1874
1971,77
2090,3
1917,41
1684,71
2114,46
1996,33
2010,97
2017,96
2094,26
1814,09
1824,57
1817,36
1798,86
1826,45
1960,88
1930,98
2311,79
1899,52
1992,6
1931,24
2108,71
2032,64
1800,71
1663,19
1840,67
1963,24
2008,36
1977,63
1852,33
1987,85
1576,42
1888,08
1595,29
1752,24
2053,4
1850,76
1902,84
1673,84
1820,96
1652,03
1823,35
1835,81
1842,94
2004,86
1896,31
1869,3
1749,97
1978,21
1724,6
2027,11
1800,69
1832,57
2036,94
2107,5
2024,11
1937,49
1779,94
1650,04
1857,95
1951,7
1631,57
1926,9
1753,42
2045,28
2038,54
1935,81
1812,89
1850,89
1898,57
1605,24
1842,85
1760,07
1456,68
1863,57
1980,26
1903,24
1694,76
1739,11
2070,99
1793,64
1824,6
1686,76
2006,65
1800,05
1898,41
1832,39
1756,12
1869,21
1632,05
1783,88
2013,67
1943,27
1818,59
1909,52
1615,86
1782,03
1583,77
1904,4
2041,16
1779,56
1745,67
1855,87
1921,41
1956,35
1717,44
1743,17
1939,57
1786,61
1878,43
1705,27
1718,15
1780,85
1889,49
1937,84
2064,96
1843,49
1963,33
1800,44
1824,38
1920,6
1507,82
1845,6
1892,72
1947,57
2030,18
1929,11
2062,06
1903,76
2012,73
1993,54
1943,01
1714,37
1943,15
1914,47
1837,51
1817,87
1794,85
1968,48
1931,3
1857,66
1968,2
1931,58
1856,33
2095,29
1851,37
1834,9
1718,34
1746,79
1939,92
1944,96
1991,99
1766,15
1897,17
1788,67
1964,16
1887,62
1967,35
1714,41
1903,31
2123,74
1829,46
1619,46
1804,9
1870,66
2071,05
1710,14
1980,5
1755,44
1602,24
1992,34
1804,12
1971,84
2055,68
2009,15
1756,42
1838,78
1880,69
1893,33
1815,97
1513,21
2144,41
1934,8
1934,06
2015,55
1964,18
2036,19
2157,22
1551,32
1861,75
1911,29
1777,06
1556,92
2009,74
1887,81
1743,13
1834,55
1796,66
1790,04
1977,82
2042,92
2170,92
1656,9
1777,69
1969,37
2009,04
1653,72
1820,28
1891,95
1785,05
2145,69
1817,04
1747,53
1943,86
1783,93
1900,11
1748,69
1706,12
1971,99
1963
1867,89
1875,73
1957,1
1880,36
1998,69
1785,11
1868,31
1872,01
1772,35
1856,89
1948,14
2019,23
1991,19
1818,68
1848,65
1897,19
1856,47
1716,68
1786,89
2008,76
2001,57
1762,36
1816,15
1657,14
1920,65
1905,55
2161,64
1893,04
1785,86
1767,56
1863,27
1880,49
1942,16
1848,75
1993,81
1891,89
1733,79
1758,82
1857,19
1599,43
1953,1
2011,01
1756,52
1965,12
1923,42
1658,82
1716,77
1747,05
1776,63
2033,66
1749,25
1863,99
2130,93
1900,04
1879,36
1935,27
1735,47
1751,42
1898,45
1569
1933,19
1763,01
1994,05
1904,06
1763,78
2025,58
1675,87
2052,03
1834,32
1587,92
1779,8
1973,1
1933,19
1780,66
1855,15
1749,74
2038,25
1857,05
1861,69
1861,39
1944,58
1641,41
1828,6
1922,63
1891,96
1790,69
1987,98
1836,92
1721,33
1851,64
1992,14
2017
1976,96
1952,27
1889,25
1895,81
2081,14
1906,43
1915,74
1617,86
1882,96
1589,46
1650,29
1774,73
1864,07
1804,59
1854,54
1767,27
1935,38
1737,38
1789,24
1868,08
1810,02
1779,7
1872,15
1823,95
1827,66
1908,99
1880,32
1897,35
1792,76
1844,78
1674,89
1477,65
2114,97
1904,8
1791,49
1968,55
1844,18
1808,7
1801,62
2099,17
1928,54
1872,21
2031,49
1646,9
1764,41
1919,19
2102,93
1851,09
1718,82
1968,34
1787,34
1987,54
1754,05
2078,42
1835,66
2061,52
1788
1761,65
1784,42
1842,23
1826,42
1929,47
1606,55
1966,75
1635,07
1868,13
1625,38
2124,25
1898,66
1822,28
2040,26
1907,32
1932,1
1758,77
1901,81
1923,34
1714,85
1919,82
1867,87
2185,42
2013,78
1977,1
2053,19
2101,96
1888,71
1691,77
1875,67
1997,98
1800,05
1758,53
1944,56
1674,25
1849,85
2171,47
1932,3
1890,52
1947,24
2006,15
1666,12
2004,62
1799,66
1962,39
1585,66
1839,41
1919,93
1858,24
2011,74
1760,79
2089,8
1680,28
1744,54
2146,91
2121,9
2109,19
1830,68
2014,74
1867,2
1710,8
2114,96
2101,47
2110,5
1895,64
1666,76
1782,33
1722,64
1771
1916,21
1675,87
2222,76
1909,9
2046,91
1883,17
2048,66
1972
1688,07
1944,27
2123,97
1913,35
1659,32
1852,48
2065,31
1918,93
1758,13
1742,92
2132,76
1972,27
2020,69
1805,69
1805,26
1817,42
2081,73
2005,12
1879,52
1982,25
1962,72
1735,61
2071,44
1965,01
1861,54
1857,94
1848,84
1976,95
1679,96
1863,3
2043,53
2058,09
1839,09
1801,68
1747,18
2085,29
1909,68
1767,82
2000,29
1703,7
1730,87
1888,75
1801,28
1936,54
1923,98
2095,48
1817,53
1887,44
1855,91
2009,91
2124,23
2151,01
2045,56
1860,35
1676,94
1889,59
1935,58
2088,33
1818,76
1783,18
1897,17
2003,45
1629,45
1754,3
1856,25
1852,71
1747,11
2043,37
2001,13
1792,66
1921,44
1638,09
1950,35
1975,69
1869,82
1808,98
1989,33
2011,18
1969,31
1916,02
2088,37
1920,77
1931,12
1844,77
1964,21
1803,99
2124,13
1558,63
1962,91
1919,09
1601,93
1731,21
1762,11
1585,21
1746,74
1668,19
1797,93
2062,64
1693,56
1739,5
1901,52
2020,2
2039,75
1815,5
1881,77
2027,97
1893,21
2067,2
1927,19
1855,72
1848,65
1840,47
1854,95
1958,72
2043,06
2008,88
1869,02
1997,33
1823,98
1754,04
1728,02
1855,63
1902,98
2050,74
1839,62
1715,7
1622,9
1739,17
1955,15
1887,49
2025,83
1848,89
2035,82
1999,96
1894,57
1724,99
1871,36
1600,35
1780,32
1823,02
2067,47
1796,42
1897,49
2009,06
1977,04
1920,88
